tcorr,
0.0000,
-0.7075,
-0.6979,
-0.6874,
-0.6989,
-0.7167,
-0.7284,
-0.7214,
-0.7170,
-0.7275,
-0.7214,
-0.7263,
-0.7231,
-0.7242,
-0.7199,
-0.7182,
-0.7240,
-0.7059,
-0.7210,
-0.7224,
-0.7224,
-0.6331,
-0.6307,
-0.6365,
-0.6804,
-0.6820,
-0.5888,
-0.6942,
-0.5684,
-0.5910,
-0.6800,
-0.5916,
-0.7034,
-0.5978,
-0.5715,
-0.5874,
-0.5913,
-0.6600,
-0.5852,
-0.6197,
-0.6198,
-0.5968,
-0.5965,
-0.6051,
-0.6051,
-0.6170,
-0.5903,
-0.6147,
-0.6078,
-0.5740,
-0.6280,
-0.5913,
-0.6184,
-0.5655,
-0.5976,
-0.6180,
-0.5854,
-0.5808,
-0.5749,
-0.6002,
-0.5948,
0.0000,
-0.5916,
-0.5597,
-0.5944,
-0.3045,
-0.3096,
-0.3140,
-0.3254,
-0.3082,
-0.2964,
-0.6178,
-0.3115,
-0.2928,
-0.5982,
-0.3046,
-0.5973,
-0.6357,
-0.3093,
-0.6267,
-0.3235,
-0.6243,
-0.6302,
-0.6182,
-0.6168,
-0.6357,
-0.6293,
-0.6067,
-0.5995,
-0.6445,
0.0000,
-0.6071,
-0.6292,
-0.5985,
-0.6397,
-0.6090,
-0.5925,
-0.5984,
-0.6242,
-0.6188,
-0.6081,
-0.6191,
-0.6055,
-0.6159,
-0.6089,
-0.6200,
-0.6230,
-0.6080,
-0.5826,
-0.6152,
-0.6070,
-0.5851,
-0.5816,
-0.5791,
-0.5943,
-0.6077,
-0.5898,
-0.6206,
-0.5949,
-0.5720,
-0.6046,
-0.5916,
-0.5994,
-0.6063,
-0.5856,
-0.6279,
-0.6174,
-0.6321,
-0.6141,
-0.6331,
-0.6333,
-0.6231,
-0.6010,
-0.7685,
0.0000,
0.0000,
0.0000,
0.0000,
0.0000,
0.0000,
0.0000,
0.0000,
0.0000,
0.0000,
0.0000,
0.0000,
0.0000,
0.0000,
0.0000,
0.0000,
0.0000,
0.0000,
0.0000,
0.0000,
0.0000,
0.0000,
0.0000,
0.0000,
0.0000,
0.0000,
0.0000,
0.0000,
0.0000,
0.0000,
0.0000,
0.2009,
0.0000,
1.2246,
1.2001,
1.2316,
1.2351,
1.2015,
1.2013,
1.2160,
1.2282,
1.2377,
1.2289,
1.2085,
1.2229,
1.2289,
1.2255,
1.2460,
1.2308,
1.2338,
1.2162,
1.2192,
1.2245,
1.2125,
1.2249,
1.2206,
1.2441,
1.2100,
1.2169,
1.2333,
0.0000,
1.2230,
1.2180,
1.2264,
1.2176,
1.2162,
1.2312,
1.2493,
1.2207,
1.2445,
1.2327,
1.2309,
1.2248,
1.2132,
1.2304,
1.2261,
1.2024,
1.2406,
1.1951,
1.2138,
1.2142,
1.2039,
1.2067,
1.2293,
1.2160,
0.6719,
1.2084,
1.2034,
0.6725,
1.2164,
0.6660,
0.6646,
1.2278,
0.6665,
0.7257,
0.6595,
0.6913,
0.6731,
0.6868,
0.6573,
0.6702,
0.7521,
0.7648,
0.7563,
0.7576,
0.7404,
0.7721,
0.7457,
0.7690,
0.7535,
0.7298,
0.7616,
0.7410,
0.7613,
0.7637,
0.7438,
0.7246,
0.7566,
0.7518,
0.7622,
0.7460,
0.7495,
0.7340,
0.7444,
0.7739,
0.7472,
0.7405,
-0.2469,
0.7630,
0.7576,
0.7472,
0.7430,
0.7473,
-0.2752,
0.7390,
0.7506,
-0.2572,
0.7292,
-0.2646,
-0.2963,
0.7537,
-0.2735,
0.7185,
0.7244,
0.7106,
-0.2999,
-0.2963,
-0.3039,
-0.2952,
-0.3039,
-0.2558,
-0.2590,
-0.2658,
-0.2493,
-0.2639,
-0.2677,
-0.2523,
-0.2509,
-0.2565,
-0.2108,
-0.1897,
-0.2288,
-0.2325,
-0.2564,
-0.2552,
-0.2534,
-0.6987,
-0.7163,
-0.7127,
-0.6899,
-0.6951,
-0.7363,
-0.6094,
-0.5959,
-0.5950,
-0.6008,
-0.6001,
-0.6391,
-0.6353,
0.0000,
-0.6116,
-0.6253,
-0.6405,
-0.6437,
-0.6238,
-0.6183,
-0.6339,
-0.6252,
-0.6404,
-0.6350,
-0.6058,
-0.6297,
-0.6209,
-0.5946,
-0.5884,
-0.6104,
-0.6018,
-0.5904,
-0.6064,
-0.5740,
-0.5910,
-0.6097,
-0.5838,
-0.5896,
-0.5858,
-0.5765,
-0.5858,
-0.5942,
-0.5885,
-0.6062,
-0.5974,
-0.6035,
-0.6064,
-0.6130,
-0.6064,
-0.6048,
-0.6094,
-0.6029,
-0.6140,
-0.6040,
-0.5784,
-0.5912,
-0.6147,
-0.6313,
-0.6194,
-0.5883,
-0.5839,
-0.6117,
-0.6168,
-0.3243,
-0.5972,
-0.6041,
-0.6250,
-0.6216,
-0.6104,
-0.6197,
-0.6477,
-0.6206,
-0.6058,
-0.6022,
-0.6114,
-0.5864,
-0.6179,
-0.6259,
-0.5915,
-0.6331,
-0.5936,
-0.5959,
-0.6060,
-0.5840,
-0.6024,
-0.6377,
-0.6330,
-0.6189,
-0.6034,
-0.6156,
-0.6442,
-0.6169,
-0.5995,
-0.6327,
-0.6187,
-0.6150,
-0.6139,
-0.6054,
-0.6223,
-0.6057,
-0.6053,
-0.6325,
-0.6069,
-0.6267,
-0.6068,
-0.6051,
-0.6036,
-0.6201,
-0.5938,
-0.7854,
-0.7781,
-0.6215,
-0.7693,
-0.6082,
-0.5985,
-0.7669,
-0.6242,
-0.7459,
-0.7481,
-0.7746,
-0.7750,
-0.7847,
-0.7684,
-0.7652,
-0.7523,
-0.7660,
-0.7215,
-0.7600,
-0.7897,
-0.7785,
-0.7776,
-0.7771,
-0.7642,
-0.7526,
-0.7617,
0.0000,
0.0000,
0.0000,
0.0000,
0.0000,
0.0000,
0.0000,
0.0000,
0.0000,
0.0000,
0.0000,
0.0000,
0.0000,
0.0000,
0.0000,
0.0000,
0.0000,
0.0000,
0.0000,
0.0000,
0.0000,
0.0000,
0.0000,
0.2003,
0.0000,
0.2207,
0.2044,
0.2057,
0.2034,
0.2097,
0.2216,
0.2436,
0.2340,
0.2251,
0.2004,
0.2160,
0.2318,
0.2135,
0.2259,
0.2389,
0.2410,
0.2172,
1.2068,
1.2119,
0.2122,
1.2458,
0.2218,
0.2217,
1.2218,
0.2238,
1.2148,
1.2171,
1.2389,
1.2063,
1.2150,
1.2162,
1.2232,
1.2290,
1.2309,
1.2427,
1.2231,
1.2268,
1.2290,
1.2275,
1.2196,
1.2288,
1.2025,
1.2223,
1.2218,
1.2220,
1.2083,
1.2182,
1.2223,
1.2262,
1.2142,
1.2154,
1.2255,
1.2183,
1.2232,
1.2245,
1.2134,
1.2165,
1.2194,
1.2088,
1.2122,
1.2308,
1.2129,
1.2058,
1.2406,
1.2320,
1.2201,
1.2156,
1.2405,
1.2093,
1.2247,
1.2165,
0.6659,
1.2327,
1.2244,
1.2396,
1.2298,
1.2440,
1.2241,
1.2265,
1.2308,
1.2426,
1.2331,
0.7565,
1.2571,
0.7568,
1.2304,
1.2309,
0.7500,
1.2243,
0.7525,
0.7592,
1.2388,
0.7697,
0.7495,
0.7688,
0.7488,
0.7558,
0.7520,
0.7379,
0.7371,
0.7679,
0.7482,
0.7418,
0.7605,
0.7486,
0.7562,
0.7922,
0.7356,
0.7402,
0.7163,
0.7274,
0.7115,
0.7195,
0.7273,
0.7233,
0.7122,
0.7127,
0.7107,
0.7253,
0.7268,
0.7233,
0.7262,
0.7128,
0.7274,
0.7307,
0.7156,
0.7114,
0.7263,
-0.1831,
-0.2303,
-0.2255,
-0.2394,
-0.2499,
-0.2411,
-0.6310,
-0.5968,
-0.6111,
-0.6030,
-0.5989,
-0.6013,
-0.5915,
-0.5936,
-0.5937,
-0.5856,
-0.5946,
-0.5957,
-0.6423,
-0.6390,
-0.6226,
-0.6318,
-0.6433,
-0.6340,
-0.6234,
-0.6281,
-0.6203,
-0.6349,
-0.6606,
-0.7246,
-0.7143,
-0.6293,
-0.5762,
-0.5819,
-0.6080,
-0.5949,
-0.6144,
-0.6169,
-0.5919,
-0.6161,
-0.6129,
-0.6191,
-0.6304,
-0.6256,
-0.6274,
-0.6080,
-0.6183,
-0.6292,
-0.5956,
-0.6015,
-0.6249,
-0.6063,
-0.6084,
-0.5868,
-0.6098,
-0.6168,
-0.6180,
-0.6248,
-0.5890,
-0.5957,
-0.5776,
-0.6034,
-0.6125,
-0.6177,
-0.6204,
0.0000,
0.0000,
-0.6023,
-0.6115,
-0.5980,
-0.5825,
-0.5861,
-0.5854,
-0.6034,
-0.5919,
-0.5760,
-0.6328,
-0.6135,
-0.6072,
-0.5946,
-0.5906,
-0.6036,
-0.5874,
-0.5940,
-0.5984,
-0.5847,
-0.5938,
-0.6122,
-0.5987,
-0.6150,
-0.7510,
-0.6174,
-0.7488,
-0.7662,
-0.6264,
-0.7756,
-0.6239,
-0.6188,
-0.7586,
-0.7488,
-0.7352,
-0.7637,
-0.7561,
-0.7423,
-0.7545,
-0.7574,
-0.7668,
-0.7430,
-0.7618,
-0.7532,
-0.7510,
-0.7613,
-0.7349,
-0.7656,
-0.7769,
-0.7646,
-0.7501,
-0.7646,
-0.7663,
-0.7676,
-0.7719,
-0.7693,
-0.7588,
-0.7598,
-0.7717,
-0.7663,
-0.7410,
-0.7635,
-0.7663,
-0.7835,
-0.7635,
-0.7389,
-0.7555,
-0.7569,
-0.7411,
0.0000,
-0.7394,
-0.7489,
0.1297,
-0.7586,
0.6811,
0.6934,
0.6884,
0.6861,
0.6954,
0.0000,
0.6628,
0.0000,
0.6660,
-0.2661,
0.0000,
-0.2952,
0.0000,
0.0000,
-0.2740,
-0.2669,
-0.2930,
-0.2884,
-0.2873,
-0.2938,
0.2326,
0.2370,
-0.6423,
0.2425,
-0.6367,
0.2141,
0.2177,
0.2365,
0.2431,
0.2062,
0.2333,
0.2127,
0.2362,
0.2226,
0.2152,
0.2146,
0.1994,
0.2282,
0.2170,
0.2228,
0.2003,
0.2107,
0.2254,
0.2091,
0.2054,
0.2075,
0.2297,
0.2383,
0.2176,
0.2393,
0.2360,
0.2079,
0.2178,
0.2103,
0.2167,
0.2036,
0.2281,
0.2355,
0.2088,
0.2166,
0.1825,
1.2243,
0.2192,
1.2436,
0.2059,
0.2099,
1.2210,
0.2112,
1.2232,
1.2199,
0.2216,
1.2046,
1.2379,
1.2143,
1.2214,
1.2204,
1.2222,
1.2250,
1.2342,
1.2290,
1.2336,
1.2176,
1.2273,
1.2147,
1.2211,
1.2324,
1.2286,
1.2167,
1.2084,
1.2179,
1.2255,
1.2147,
1.2130,
1.2173,
1.2221,
1.2236,
1.2373,
1.2198,
1.2329,
1.2123,
1.2588,
1.2323,
1.2259,
1.2592,
1.2149,
1.2107,
1.2163,
1.2130,
1.2272,
1.2370,
1.2093,
1.2284,
1.2419,
1.2191,
1.2290,
0.7367,
0.7386,
0.7523,
0.7595,
0.7489,
0.7396,
0.7536,
0.7418,
0.7360,
0.7683,
0.7583,
0.7485,
0.7529,
0.7216,
-0.3013,
-0.2713,
0.7099,
0.7118,
0.7057,
0.7201,
0.7332,
0.7154,
0.7123,
0.7251,
0.7181,
0.7389,
0.7255,
0.7263,
0.7286,
0.7110,
0.7261,
0.7272,
0.7364,
0.7243,
0.4790,
0.6544,
0.6011,
0.5358,
0.6524,
-0.6120,
-0.6073,
-0.6152,
-0.5832,
-0.6078,
-0.6088,
-0.6046,
-0.5823,
-0.5931,
-0.6101,
-0.6073,
-0.5914,
-0.7100,
-0.7247,
-0.5908,
-0.5969,
-0.5940,
-0.7140,
-0.7242,
-0.7106,
-0.7283,
-0.7356,
-0.7188,
-0.7107,
-0.7272,
-0.7238,
-0.7229,
-0.5315,
-0.5227,
-0.6077,
-0.5195,
-0.6295,
-0.6168,
-0.6026,
-0.6082,
-0.6039,
-0.6128,
-0.6203,
-0.6144,
-0.5945,
-0.6352,
-0.6089,
-0.6035,
-0.5727,
-0.5868,
-0.6215,
-0.6047,
-0.5949,
-0.6120,
-0.5971,
-0.6015,
-0.6044,
-0.5877,
-0.6017,
-0.6007,
-0.6065,
-0.5910,
-0.5981,
-0.6176,
-0.6083,
0.0000,
-0.7636,
-0.6220,
-0.7637,
-0.7838,
-0.6087,
-0.7875,
-0.5813,
-0.5936,
-0.7674,
-0.7851,
-0.7738,
-0.7438,
-0.7668,
-0.7286,
-0.7393,
-0.7399,
-0.7355,
-0.7228,
-0.7367,
-0.7302,
-0.7374,
-0.7605,
-0.7590,
-0.7505,
-0.7716,
-0.7746,
-0.7612,
-0.7603,
-0.7855,
-0.7386,
-0.7668,
-0.7624,
-0.7547,
-0.7459,
-0.7619,
-0.6853,
-0.7586,
-0.7020,
-0.7654,
0.0000,
-0.7958,
0.0000,
-0.7700,
-0.7855,
-0.7607,
-0.7662,
-0.6950,
-0.7072,
-0.7762,
-0.7088,
0.1950,
0.1829,
0.1684,
0.1576,
0.1623,
0.1668,
0.2275,
0.2374,
0.2365,
0.2066,
0.2465,
0.1461,
0.2512,
0.2182,
0.7187,
0.6749,
0.6966,
0.6958,
0.6598,
0.6922,
0.6953,
0.6792,
0.6962,
0.6918,
0.6910,
0.6835,
0.6745,
0.6873,
0.6903,
0.6697,
-0.2661,
-0.2646,
-0.2808,
-0.2711,
-0.2843,
-0.2772,
-0.2830,
-0.3004,
-0.2875,
-0.3015,
-0.2761,
-0.2825,
-0.2966,
-0.2775,
-0.2677,
-0.6250,
-0.2959,
-0.6166,
-0.6402,
-0.6264,
-0.6119,
-0.5861,
-0.6202,
-0.5986,
-0.6304,
-0.5861,
-0.6541,
-0.5890,
-0.5842,
-0.5819,
0.2231,
0.2176,
0.2132,
0.2053,
0.2074,
0.2259,
0.2285,
0.2184,
0.2095,
0.1980,
0.2237,
0.2147,
0.2233,
0.2089,
0.2015,
0.2008,
0.1961,
0.2079,
0.2070,
0.2006,
0.2088,
0.2073,
0.2114,
0.2198,
0.2178,
0.1967,
0.2191,
0.2103,
0.1893,
0.2356,
0.2457,
0.2359,
0.2272,
0.2603,
0.2281,
0.2269,
0.2169,
0.2305,
0.2244,
0.2349,
0.2308,
1.2258,
0.2114,
1.2393,
0.2160,
0.2149,
1.2409,
0.2227,
1.2027,
1.2143,
0.2138,
1.2152,
1.2165,
1.2123,
1.2158,
1.2291,
1.2114,
1.2196,
1.2206,
1.1935,
1.2164,
1.2086,
1.2139,
1.2001,
1.2134,
1.2041,
1.1944,
1.2175,
1.2218,
1.2210,
1.2111,
1.2186,
1.2096,
1.2210,
1.2144,
1.2219,
1.2293,
1.2349,
1.2258,
1.2383,
0.7916,
0.7895,
1.2231,
0.7943,
-0.3150,
-0.2903,
-0.2517,
-0.2630,
-0.2606,
-0.2628,
-0.2423,
-0.2623,
-0.2640,
-0.2629,
0.7165,
0.7223,
0.7329,
-0.3006,
-0.2603,
0.7310,
0.7292,
0.5952,
0.7344,
0.7321,
0.7303,
0.7321,
0.5536,
0.5121,
0.4641,
0.6839,
0.4452,
-0.6166,
-0.6072,
-0.5912,
-0.5956,
-0.6152,
-0.6068,
-0.5950,
-0.5969,
-0.6013,
-0.5981,
-0.5934,
-0.5997,
-0.5975,
-0.6361,
-0.6003,
-0.6394,
-0.7271,
-0.7151,
-0.7288,
-0.7020,
-0.7307,
-0.7184,
-0.7113,
-0.7254,
-0.6384,
-0.6361,
-0.6361,
-0.6097,
-0.6162,
-0.6121,
-0.6258,
-0.6192,
-0.6175,
-0.6199,
-0.7085,
-0.6119,
-0.6116,
-0.7809,
-0.6270,
-0.7793,
-0.7733,
-0.6159,
-0.7752,
-0.6225,
-0.1854,
-0.7577,
-0.7537,
-0.7654,
-0.7626,
-0.7531,
-0.7646,
-0.7242,
-0.7671,
-0.7253,
-0.7526,
0.7283,
0.7255,
-0.7604,
-0.7528,
-0.7451,
-0.7615,
-0.7459,
-0.7738,
0.0000,
-0.7805,
-0.7743,
-0.7592,
-0.7730,
-0.7763,
-0.7818,
-0.7609,
-0.7762,
-0.7017,
-0.7369,
-0.6848,
-0.7342,
-0.7511,
-0.7042,
-0.7577,
-0.7050,
-0.6929,
-0.7829,
-0.7396,
-0.7658,
-0.7554,
-0.7616,
-0.7860,
-0.7904,
-0.7815,
-0.7647,
-0.7945,
-0.7994,
-0.7127,
-0.7927,
-0.7022,
-0.7842,
-0.7983,
-0.6973,
-0.7675,
-0.6867,
0.1486,
-0.7746,
0.1500,
0.1458,
0.1698,
0.1397,
0.2400,
0.1747,
0.2331,
0.2269,
0.2344,
0.2321,
0.2329,
0.2477,
0.1442,
0.2421,
0.1517,
1.1912,
1.1990,
1.1770,
0.7034,
0.7012,
0.7082,
0.6900,
0.6552,
0.6803,
0.6949,
0.6809,
0.6786,
0.6728,
0.6943,
0.6976,
0.7033,
0.7024,
0.6711,
0.6726,
-0.2657,
0.6708,
-0.2824,
-0.2841,
-0.2637,
-0.2791,
-0.2713,
-0.2792,
-0.3040,
-0.2804,
-0.2815,
-0.2702,
-0.2994,
-0.2834,
-0.2660,
-0.2578,
-0.2934,
-0.2953,
-0.7209,
-0.6964,
-0.6492,
-0.6921,
-0.5908,
-0.6374,
-0.5745,
-0.6038,
-0.5960,
-0.6186,
-0.6216,
-0.6302,
-0.5921,
-0.6350,
-0.6054,
-0.6415,
-0.6551,
-0.6548,
-0.6251,
0.2161,
0.2237,
0.1984,
0.2140,
0.2164,
0.2157,
0.2227,
0.2199,
0.2094,
0.2070,
0.2173,
0.2248,
0.2044,
0.2125,
0.2063,
0.1981,
0.2125,
0.2104,
0.2145,
0.2242,
0.2054,
0.2239,
0.2338,
0.2270,
0.2263,
0.2284,
0.2268,
0.2172,
0.2326,
0.2221,
0.2241,
0.2217,
0.2304,
0.2402,
0.2333,
0.2389,
0.2250,
0.2140,
0.2218,
0.2251,
0.2254,
0.2215,
0.2219,
1.2487,
0.2295,
1.2451,
0.0000,
0.2264,
0.0000,
0.2291,
0.1989,
0.2276,
0.2227,
0.2218,
0.2237,
0.2983,
0.2107,
1.2202,
0.2276,
0.2131,
1.2328,
0.2193,
1.2082,
1.2247,
0.2248,
1.2077,
0.2131,
1.2364,
1.2350,
1.2366,
1.2277,
1.2351,
1.2507,
1.2509,
1.2269,
1.2138,
1.2109,
-0.2622,
-0.2513,
-0.2624,
-0.2647,
-0.2648,
-0.2544,
-0.2670,
-0.2585,
0.7143,
0.7156,
0.7373,
0.7387,
0.7374,
0.6215,
0.5400,
0.4461,
0.7283,
0.7312,
0.7209,
0.6425,
0.5378,
0.5465,
0.6451,
0.5611,
-0.6123,
-0.6091,
-0.6047,
-0.6043,
-0.6066,
-0.6038,
-0.5889,
-0.5900,
-0.5924,
-0.6007,
-0.6096,
-0.6007,
-0.6003,
-0.5963,
-0.6019,
-0.6055,
-0.7146,
-0.7201,
-0.7151,
-0.7159,
-0.7092,
-0.7164,
-0.7176,
-0.7183,
-0.6230,
-0.7128,
-0.7255,
-0.7375,
-0.7017,
-0.6774,
-0.7026,
-0.6965,
-0.7118,
-0.6909,
-0.8194,
-0.7901,
-0.7839,
-0.7909,
-0.7961,
-0.7788,
-0.7770,
-0.7585,
-0.7838,
-0.7819,
-0.7528,
-0.7371,
-0.7595,
-0.7521,
-0.7390,
-0.6916,
-0.7555,
0.6990,
-0.6824,
-0.6737,
0.6772,
-0.6605,
0.7157,
0.7244,
-0.6667,
0.8217,
-0.6985,
-0.6805,
-3.2746,
-0.7083,
-0.7072,
-0.6842,
-0.6996,
-0.6957,
-0.6884,
-0.6857,
-0.6818,
-0.6887,
-0.6572,
0.1708,
-0.6933,
0.2353,
-0.6920,
-0.7159,
0.2346,
-0.7086,
0.2245,
0.2193,
-0.6922,
0.2299,
-0.7000,
-0.7905,
0.1464,
-0.7730,
0.1650,
0.1662,
-0.7020,
0.2193,
-0.7562,
-0.7587,
0.1463,
-0.7649,
0.1472,
0.1606,
0.1407,
0.1405,
0.1443,
0.1950,
0.2335,
0.2307,
0.2166,
0.2458,
0.2327,
1.1925,
0.2383,
1.1758,
1.1751,
1.1720,
1.1667,
1.1686,
1.1797,
1.1696,
1.1869,
0.7258,
0.7036,
0.6966,
0.3055,
0.6914,
0.6745,
0.6963,
0.6870,
0.6939,
0.7077,
0.6934,
0.6951,
0.7038,
0.7056,
0.6842,
0.7281,
0.6824,
-0.2674,
-0.3093,
-0.2614,
-0.2616,
-0.2776,
-0.2813,
-0.2823,
-0.2920,
-0.2814,
-0.2771,
-0.2678,
-0.2993,
-0.2876,
-0.2691,
-0.2760,
-0.2989,
-0.2655,
-0.7249,
-0.7180,
-0.7280,
-0.7248,
-0.7412,
-0.7130,
-0.6942,
-0.7165,
-0.5892,
-0.6874,
-0.5890,
-0.6146,
-0.6261,
-0.5809,
-0.6529,
-0.5669,
-0.6327,
-0.6389,
-0.6449,
-0.6534,
-0.6705,
0.2130,
0.2143,
-0.6060,
0.2233,
-0.6091,
-0.5879,
0.2037,
-0.6262,
0.2037,
0.2177,
-0.6211,
0.2312,
-0.5912,
-0.5980,
0.2306,
-0.5782,
0.2163,
0.2189,
-0.6187,
0.2194,
-0.5928,
-0.5861,
0.2279,
0.2317,
0.2144,
0.2145,
0.2419,
0.2254,
0.2215,
0.2241,
0.2134,
0.2331,
0.2374,
0.2145,
0.2180,
0.2223,
1.2777,
1.2609,
0.2252,
1.2052,
0.2322,
0.2231,
1.2105,
0.2436,
1.2131,
0.2216,
0.2252,
0.2113,
0.2252,
0.2215,
0.2163,
0.2131,
0.2019,
0.2252,
0.2172,
0.2278,
0.2284,
0.1848,
0.2124,
0.2282,
0.2238,
0.2269,
0.2096,
0.2141,
0.2206,
0.2372,
0.2241,
0.2368,
0.1870,
0.1912,
0.1982,
1.2112,
-0.2617,
-0.2723,
-0.2537,
-0.2554,
-0.2626,
-0.2699,
-0.2593,
-0.2430,
0.7253,
0.7318,
0.7226,
0.6205,
0.6429,
0.6570,
0.5286,
0.7237,
0.7203,
0.7304,
0.7195,
0.5864,
0.4565,
0.5299,
0.6691,
0.5215,
-0.6192,
-0.6047,
-0.6084,
-0.5959,
-0.6137,
-0.5945,
-0.6115,
-0.6041,
-0.5879,
-0.5961,
-0.6027,
-0.6068,
-0.6091,
-0.5959,
-0.6012,
-0.5930,
-0.7174,
-0.7319,
-0.7215,
0.7598,
0.7649,
0.7596,
0.7687,
0.7739,
0.7682,
-0.7195,
-0.7262,
-0.7517,
-0.7261,
-0.7053,
-0.7052,
0.8030,
0.8068,
0.7974,
0.8060,
0.7002,
0.8025,
0.6879,
0.6833,
0.6893,
0.6755,
0.6967,
0.7011,
0.6796,
0.6948,
0.6872,
0.6964,
0.7304,
0.6745,
0.7453,
0.7424,
0.8317,
0.8393,
0.7116,
0.7240,
0.8092,
0.8329,
0.7927,
0.8121,
-0.6872,
0.8120,
-0.6773,
-0.7012,
0.7934,
-0.6866,
-0.7128,
-0.6886,
0.0000,
0.6860,
-0.6854,
-0.6782,
0.7363,
0.1547,
0.1790,
0.1599,
0.1593,
0.1428,
0.2457,
0.2047,
0.1713,
0.1424,
0.2363,
0.1763,
0.2283,
0.2255,
0.1543,
0.2423,
0.1459,
0.1487,
0.1575,
0.2286,
0.1555,
0.1482,
0.2279,
0.1475,
0.1530,
0.2306,
0.2515,
0.2299,
0.1626,
1.1869,
0.2172,
1.1815,
1.1795,
1.1817,
1.1685,
1.1560,
1.1461,
1.1770,
1.1801,
1.1532,
1.1613,
1.1949,
1.1497,
0.7428,
0.7274,
0.7362,
0.6859,
0.6759,
0.6936,
0.6806,
0.6886,
0.6738,
0.6880,
0.6690,
0.7387,
0.7014,
0.6918,
0.6797,
0.6712,
-0.2592,
0.6773,
-0.2725,
-0.2759,
-0.2685,
-0.2717,
-0.3102,
-0.2739,
-0.2843,
-0.2637,
-0.2811,
-0.2743,
-0.2714,
-0.2805,
-0.3053,
-0.3132,
-0.2761,
-0.2811,
-0.7085,
-0.6907,
-0.6841,
-0.7189,
-0.6905,
-0.6968,
-0.7011,
-0.7455,
-0.6916,
-0.7135,
-0.6964,
-0.7170,
-0.5799,
-0.7066,
-0.6000,
-0.6639,
-0.6072,
-0.5700,
-0.6547,
-0.6518,
-0.6732,
-0.6448,
-0.6196,
-0.6545,
-0.6512,
-0.6040,
-0.5898,
-0.6090,
-0.5575,
-0.5988,
-0.5846,
-0.5827,
-0.5996,
-0.5973,
-0.5849,
-0.6029,
-0.6053,
-0.5867,
-0.5854,
-0.6201,
-0.5722,
-0.5746,
0.2195,
1.2611,
0.2282,
1.2143,
0.2241,
0.2206,
0.2314,
0.2299,
0.2166,
1.2611,
0.2178,
1.2286,
1.2730,
0.2161,
1.2342,
1.2633,
1.2563,
1.2572,
1.2330,
1.2653,
1.2528,
1.2638,
1.2613,
1.2162,
1.2106,
1.2524,
1.2051,
1.2117,
1.2036,
1.2101,
1.1977,
1.2269,
1.2008,
1.2262,
1.2146,
1.2528,
1.2397,
1.2403,
1.2429,
1.2562,
0.2172,
1.2703,
0.2292,
0.1965,
0.1976,
0.1871,
0.1846,
1.2056,
1.2049,
1.2056,
1.1932,
1.1956,
1.1883,
-0.2630,
-0.2640,
-0.2444,
0.7235,
0.7144,
0.6185,
0.6015,
0.4614,
0.5182,
0.7320,
0.7245,
0.7289,
0.7335,
0.7229,
0.6331,
0.6157,
0.4597,
0.4830,
0.6156,
-0.6158,
-0.6060,
-0.6045,
-0.6135,
-0.6136,
-0.6080,
-0.6109,
-0.5969,
-0.6024,
-0.5945,
-0.6073,
-0.6165,
-0.6147,
-0.6045,
0.6967,
0.6979,
0.7053,
0.7100,
0.7013,
0.7645,
0.7702,
0.7746,
0.7723,
0.7658,
0.7667,
0.7597,
0.6841,
0.6971,
0.7514,
0.7616,
0.7341,
0.8140,
0.6846,
0.7960,
0.6803,
0.6690,
0.8272,
0.7193,
0.7868,
0.7995,
0.7388,
0.8153,
0.7320,
0.7229,
0.6890,
0.7133,
0.6897,
0.7086,
-0.2621,
0.8291,
-0.2547,
0.6849,
0.8155,
0.6861,
0.8184,
0.7906,
0.6957,
0.7114,
0.6668,
0.7342,
0.6902,
0.7304,
0.6671,
0.7240,
-0.2673,
0.7121,
-0.2638,
0.3066,
-0.2664,
0.1666,
0.1800,
0.1525,
0.1666,
0.2224,
0.2428,
0.1575,
0.2466,
0.1547,
0.1693,
0.1172,
0.1660,
0.1597,
0.2587,
0.1501,
0.1648,
0.1511,
0.1282,
0.1452,
0.2503,
0.1419,
0.2219,
1.1930,
0.2562,
1.1669,
1.1917,
1.1625,
1.1644,
1.1740,
1.1800,
1.1592,
1.1399,
1.1625,
1.1673,
1.1872,
1.1814,
1.1665,
1.1500,
1.1465,
1.1809,
1.1338,
1.1567,
0.7182,
0.7155,
0.7404,
0.7280,
0.6906,
0.6820,
0.6967,
0.7017,
0.6837,
0.6852,
0.7052,
0.7048,
0.6916,
0.6842,
0.6873,
0.7007,
0.7016,
-0.2617,
-0.2883,
-0.2784,
-0.2768,
-0.2735,
-0.2878,
-0.2661,
-0.2968,
-0.2762,
-0.2921,
-0.2607,
-0.2836,
-0.2991,
-0.3126,
-0.2865,
-0.2716,
-0.2660,
-0.7134,
-0.7379,
-0.7148,
-0.7148,
-0.7275,
-0.7270,
-0.7237,
-0.7165,
-0.7100,
-0.7267,
-0.7211,
-0.6809,
-0.7021,
-0.7179,
-0.6957,
-0.7151,
-0.7033,
-0.7045,
-0.7017,
-0.5945,
-0.5835,
-0.6333,
-0.6387,
-0.5665,
-0.6328,
-0.6326,
-0.6535,
-0.6263,
-0.6285,
-0.6123,
-0.6075,
-0.6573,
-0.5884,
-0.6144,
-0.5847,
-0.5958,
-0.5944,
-0.6113,
-0.6175,
-0.6007,
-0.5784,
-0.6284,
-0.5351,
0.2165,
0.1983,
1.2551,
1.2429,
0.2035,
1.2063,
1.2693,
1.2605,
1.2172,
1.2677,
1.2212,
1.2493,
1.2046,
1.2667,
1.2086,
1.1947,
1.2400,
0.2255,
1.2666,
1.1971,
0.2053,
1.2105,
1.2413,
1.2454,
1.2307,
1.2636,
1.2472,
1.2482,
1.2438,
1.2304,
1.2544,
1.2284,
1.2438,
1.2053,
1.2581,
1.2362,
1.2064,
1.2563,
1.1948,
1.2029,
1.2091,
1.1945,
1.2256,
1.2132,
1.2071,
1.2060,
1.2005,
1.1983,
1.1944,
1.2219,
1.2191,
1.2064,
1.2117,
1.2303,
0.4724,
0.6084,
0.5932,
0.5440,
0.7338,
0.7183,
0.7174,
0.7302,
0.7238,
0.4711,
0.5682,
0.4874,
0.6574,
0.5558,
-0.6022,
-0.6109,
-0.6004,
-0.6073,
-0.6201,
-0.6146,
-0.6024,
-0.5882,
0.6992,
0.7021,
0.6989,
0.7083,
0.7028,
0.7085,
0.7003,
0.7148,
0.7037,
0.7044,
0.6971,
0.7614,
0.7676,
0.7657,
0.7478,
0.6752,
0.6844,
0.6716,
0.6946,
-0.2741,
-0.2890,
0.6838,
-0.2631,
-0.2600,
-0.2703,
-0.2471,
-0.2637,
-0.2623,
-0.2427,
-0.2489,
-0.2414,
-0.2252,
-0.2581,
-0.2355,
-0.2351,
-0.2334,
-0.2373,
-0.2230,
-0.2543,
-0.2561,
-0.2297,
-0.2490,
-0.2594,
-0.2586,
-0.2437,
-0.2442,
-0.2488,
-0.2537,
-0.2517,
-0.2275,
-0.2206,
0.2204,
-0.2332,
0.1549,
0.2867,
0.1663,
0.1622,
0.1545,
0.1791,
0.2447,
0.1714,
0.2336,
-0.1913,
0.1519,
0.2382,
0.1700,
0.2390,
0.2306,
0.1598,
0.1565,
0.1584,
0.1631,
1.1744,
0.2291,
1.1740,
1.1752,
0.2443,
1.1654,
1.1704,
1.1542,
1.1747,
1.1809,
1.2364,
1.2274,
1.1695,
1.2264,
1.2300,
1.1687,
1.2467,
1.1661,
1.2253,
1.1499,
1.1543,
1.1545,
1.1459,
1.1504,
1.2421,
1.1566,
1.2178,
0.7354,
0.7392,
0.7298,
0.7483,
0.6893,
0.7330,
0.6882,
0.7137,
0.7097,
0.6770,
0.6646,
0.6825,
0.6833,
0.6707,
0.6944,
0.6961,
-0.2868,
0.6894,
-0.2809,
-0.2784,
-0.3000,
-0.2863,
-0.2799,
-0.3032,
-0.2700,
-0.2821,
-0.2774,
-0.2726,
-0.2944,
-0.2992,
-0.2979,
-0.3043,
-0.3110,
-0.2945,
0.7358,
-0.7516,
-0.7239,
-0.7037,
-0.7424,
-0.7396,
-0.7496,
-0.7453,
-0.7286,
-0.7354,
-0.7225,
-0.6999,
-0.6948,
-0.7108,
-0.6995,
-0.7007,
-0.6947,
-0.7424,
-0.7118,
-0.7453,
-0.7129,
-0.7276,
-0.6924,
-0.6230,
-0.6985,
-0.6289,
-0.6341,
0.4038,
-0.6435,
-0.6530,
-0.6105,
-0.6309,
-0.6141,
-0.6502,
-0.6532,
-0.5877,
0.3146,
-0.5821,
-0.5884,
-0.6159,
-0.5767,
-0.5990,
-0.5833,
-0.6130,
-0.5446,
-0.6031,
-0.5901,
0.2143,
0.2296,
0.2360,
0.2360,
0.2157,
0.2175,
0.2087,
0.2587,
0.2109,
0.2378,
0.2145,
0.2536,
0.2861,
0.2653,
0.2806,
0.2438,
0.2398,
0.2651,
0.2244,
0.2122,
0.2465,
0.2163,
0.2631,
0.2361,
0.2242,
0.2548,
0.2113,
0.2038,
0.1945,
0.2122,
1.2072,
0.1822,
0.1802,
1.2057,
1.1899,
1.2147,
1.1954,
1.2005,
1.2087,
1.2066,
1.2021,
1.2195,
1.2239,
1.2138,
1.2029,
1.2069,
1.2210,
1.2228,
1.2252,
1.2148,
1.2030,
1.2089,
0.7310,
0.7279,
0.7352,
0.7384,
0.5908,
0.6884,
0.6129,
0.4781,
-0.6095,
-0.6058,
0.6988,
0.7117,
0.6929,
0.6965,
0.7058,
0.7012,
0.7071,
0.6928,
0.7011,
0.7052,
0.7073,
0.6919,
0.6939,
0.6954,
0.6919,
0.6932,
0.7528,
0.7625,
0.7816,
0.7713,
0.7683,
0.7584,
0.7523,
0.6885,
-0.2821,
-0.2991,
-0.2834,
-0.2724,
-0.2851,
-0.2456,
-0.2568,
-0.2406,
-0.2532,
-0.2388,
-0.2454,
-0.2568,
-0.2665,
-0.2529,
-0.2462,
-0.2714,
-0.2281,
-0.2338,
-0.2305,
-0.2466,
-0.2322,
-0.2408,
-0.2300,
-0.2317,
-0.2579,
0.2930,
0.1985,
-0.2665,
0.1781,
0.2187,
0.1585,
0.1600,
0.1526,
0.2194,
0.2286,
0.2470,
0.2359,
0.2454,
0.2481,
0.2380,
0.2304,
0.2423,
0.2274,
0.2416,
0.1614,
0.2397,
0.2374,
1.1743,
1.1807,
1.2143,
1.1741,
1.1738,
1.1841,
1.1844,
1.1743,
1.1830,
1.2437,
1.2100,
1.2107,
1.2181,
1.2520,
1.2135,
1.2044,
1.2092,
1.1954,
1.1954,
1.2107,
1.2065,
1.1845,
1.2027,
1.2206,
0.3238,
1.2507,
1.2420,
1.2266,
1.2287,
1.2426,
1.2174,
0.7342,
0.7378,
0.7298,
0.7347,
0.7264,
0.7313,
0.6990,
0.7024,
0.6989,
0.6819,
0.6737,
0.7112,
0.7003,
0.6776,
0.6970,
0.7000,
0.6892,
-0.2774,
-0.2703,
-0.2818,
-0.2722,
-0.2640,
-0.2730,
-0.2740,
-0.2848,
-0.2636,
-0.2742,
-0.2618,
-0.3049,
-0.2970,
-0.3095,
-0.3100,
-0.3058,
-0.2974,
0.7571,
0.7633,
0.7317,
0.7331,
0.7420,
0.7478,
-0.6834,
0.0000,
-0.7201,
-0.7314,
-0.7262,
-0.7085,
-0.7065,
-0.7161,
-0.6958,
-0.6888,
-0.7190,
-0.6987,
-0.7227,
-0.7012,
-0.7072,
-0.6906,
-0.7117,
6.5467,
-0.6829,
-0.7148,
-0.7023,
-0.7073,
-0.6835,
-0.6878,
-0.6265,
-0.6926,
-0.5900,
-0.6290,
-0.5902,
-0.5857,
-0.5572,
-0.6082,
-0.6105,
-0.5791,
-0.6053,
-0.6127,
-0.5809,
-0.5842,
-0.6056,
-0.6225,
-0.5955,
-0.5962,
-0.5813,
-0.6074,
-0.5870,
0.2442,
-0.5319,
0.2667,
0.2615,
0.2587,
0.2493,
0.2422,
0.2732,
0.2626,
0.2547,
0.2392,
0.2231,
0.2090,
0.2245,
0.2102,
0.2171,
0.2290,
0.2334,
0.2070,
0.2172,
0.2114,
0.2122,
0.1834,
0.1778,
0.1891,
0.1983,
0.1919,
1.2108,
1.1987,
1.2128,
1.2225,
1.2147,
1.2247,
1.2118,
1.1964,
1.2243,
1.2032,
1.2008,
1.2220,
1.2237,
1.2423,
1.2188,
1.2188,
1.2108,
1.2082,
1.2068,
1.2218,
1.2167,
1.2044,
1.2292,
1.2061,
0.4577,
0.4681,
0.6914,
0.6965,
0.6968,
0.6930,
0.6982,
0.7043,
0.7022,
0.7118,
0.7053,
0.6981,
0.7012,
0.7013,
0.7012,
0.6977,
0.7019,
0.7076,
0.7731,
0.7495,
0.7796,
0.6918,
0.6995,
0.6904,
0.6929,
-0.2718,
-0.2812,
-0.2912,
-0.2835,
-0.2714,
-0.2729,
-0.2967,
-0.3001,
-0.2276,
-0.2349,
-0.2484,
-0.2396,
-0.2156,
-0.2182,
-0.2443,
-0.2111,
-0.2645,
-0.2450,
-0.2519,
-0.2426,
0.3068,
0.2392,
0.1764,
0.2429,
0.2416,
0.2231,
0.1434,
0.1421,
0.1541,
0.2362,
0.2389,
0.2522,
0.2238,
0.2434,
0.2367,
0.2345,
0.2299,
0.2389,
0.2259,
1.1790,
0.2102,
0.1699,
1.2000,
1.1866,
1.1908,
1.1688,
1.1776,
1.1915,
1.1785,
1.1951,
1.1805,
1.1973,
1.1721,
1.1719,
1.1676,
1.2322,
1.1872,
1.2546,
1.2452,
1.2333,
1.1877,
1.1958,
1.2062,
1.2268,
1.2039,
1.2255,
0.2822,
0.2837,
0.2966,
1.2212,
1.2387,
1.2122,
1.2366,
1.2434,
1.2182,
0.6992,
0.7042,
0.7526,
0.7380,
0.6846,
0.7093,
0.7359,
0.7231,
0.6890,
0.6949,
0.6906,
0.6923,
0.6965,
0.7107,
0.6912,
0.6996,
0.6817,
0.6985,
-0.2680,
0.6948,
-0.2728,
-0.2737,
-0.2743,
-0.2841,
-0.2703,
-0.2785,
-0.2731,
-0.2848,
-0.2746,
-0.2768,
-0.2821,
-0.3173,
-0.3384,
-0.2924,
-0.3000,
-0.2860,
-0.2849,
-0.2814,
0.7599,
0.7639,
0.7254,
0.7296,
0.7372,
0.7693,
-0.3058,
0.0000,
-0.6884,
-0.3157,
-0.7113,
-0.6924,
-0.7148,
-0.7072,
-0.6968,
-0.7170,
-0.7036,
-0.6956,
-0.6894,
-0.6943,
-0.7074,
-0.6902,
-0.6861,
-0.6934,
-0.6837,
-0.6859,
-0.7076,
-0.6818,
-0.6962,
-0.6853,
-0.7293,
-0.6793,
-0.6317,
-0.7010,
-0.6021,
-0.7024,
-0.6203,
-0.6014,
-0.6238,
-0.5929,
-0.6254,
-0.6143,
-0.6338,
-0.6360,
-0.6290,
-0.6445,
-0.6260,
-0.6286,
-0.5867,
-0.6542,
-0.5790,
-0.6111,
-0.5916,
-0.5957,
-0.5726,
0.1997,
0.2086,
0.1998,
0.2131,
0.2332,
0.2336,
0.2184,
0.2331,
0.2242,
0.2101,
0.2731,
0.2264,
0.2254,
0.2167,
0.1931,
0.1823,
0.1773,
0.2041,
0.2313,
0.1700,
1.2019,
1.2108,
1.2171,
1.2256,
1.2150,
1.1947,
1.2012,
1.2186,
1.2080,
1.2255,
1.2185,
1.2148,
1.2103,
1.2022,
1.1861,
1.2099,
1.2240,
1.2141,
1.2051,
1.2140,
1.2074,
1.2042,
1.1961,
0.6908,
0.6954,
0.7086,
0.6939,
0.7035,
0.7078,
0.7078,
0.6975,
0.7035,
0.7061,
0.7160,
0.7020,
0.7074,
0.7160,
0.7662,
0.7500,
0.7560,
0.6841,
0.6779,
0.6848,
0.6929,
-0.2829,
-0.2712,
-0.2898,
-0.2827,
-0.2845,
0.2170,
0.2249,
0.2086,
0.2270,
0.1990,
-0.2469,
-0.2392,
0.2525,
-0.2406,
0.2372,
0.1838,
0.2927,
0.1449,
0.1784,
0.2133,
0.1725,
0.1511,
0.1510,
0.1588,
0.1491,
0.1814,
0.1677,
0.1757,
0.1551,
0.1650,
0.1625,
0.1555,
0.1717,
1.1827,
0.2217,
1.1704,
1.1740,
1.1863,
1.1653,
1.1818,
1.1790,
1.1669,
1.1720,
1.1591,
1.1751,
1.1835,
1.1857,
1.2126,
1.1748,
1.2160,
1.1914,
1.2304,
1.2365,
1.2117,
1.2041,
1.2081,
1.1756,
1.2146,
1.1987,
1.1973,
0.3122,
1.1983,
0.3013,
1.2452,
0.3127,
1.2327,
1.2545,
1.2386,
1.2370,
1.2403,
1.2566,
1.2384,
1.2518,
0.7079,
0.7042,
0.7562,
0.7251,
0.7119,
0.7330,
0.7417,
0.7270,
0.6987,
0.7034,
0.7050,
0.7511,
0.6998,
0.7389,
0.7438,
0.6884,
0.7311,
0.6963,
0.6817,
-0.2658,
-0.2706,
-0.2730,
0.0000,
-0.2610,
-0.3008,
-0.2837,
-0.2748,
-0.2882,
-0.2687,
-0.2980,
-0.3282,
-0.2803,
-0.2967,
-0.2883,
-0.2970,
-0.2988,
-0.2834,
-0.3021,
0.7477,
0.7621,
0.7501,
0.7241,
0.7581,
0.7363,
0.7634,
0.7642,
0.7572,
0.0000,
-0.2539,
-0.6974,
4.1313,
-0.2597,
-0.7219,
-0.6989,
-0.7128,
-0.7008,
-0.7000,
-0.7100,
-0.7116,
-0.7005,
-0.7031,
-0.6945,
-0.7006,
-0.6935,
-0.7098,
-0.7110,
-0.6868,
-0.7098,
-0.7368,
-0.6975,
-0.7205,
-0.7076,
-0.7210,
-0.7087,
-0.7084,
-0.7425,
-0.6321,
-0.7055,
-0.6476,
-0.6287,
-0.6435,
-0.6422,
-0.6156,
-0.6519,
-0.6393,
-0.6314,
-0.6325,
-0.6438,
-0.6416,
-0.6436,
-0.5821,
-0.6374,
-0.5755,
-0.5884,
-0.5698,
-0.5372,
-0.5814,
0.2323,
0.2575,
-0.5761,
0.2568,
-0.6036,
-0.5832,
-0.5926,
0.0000,
-0.5859,
0.2234,
0.2319,
0.2362,
0.1712,
0.1930,
1.2165,
1.2135,
1.1987,
1.1941,
1.1929,
1.1939,
1.2080,
1.2236,
1.2237,
1.2234,
1.2335,
1.2419,
1.2268,
1.2304,
1.2079,
1.2202,
1.2080,
1.2184,
1.2347,
1.2077,
1.1963,
0.6976,
0.6960,
0.6871,
0.6987,
0.6965,
0.6986,
0.7092,
0.7083,
0.7142,
0.7047,
0.7127,
0.7043,
0.7652,
0.7725,
0.7730,
0.7882,
0.7677,
0.7517,
-0.2663,
-0.2772,
-0.2764,
-0.2830,
-0.2745,
-0.2973,
-0.2901,
-0.2888,
-0.2807,
0.2142,
0.2281,
0.2198,
0.2041,
0.1885,
0.1722,
0.1771,
0.1734,
0.1319,
0.1515,
0.1460,
0.1554,
0.1425,
0.1566,
0.1608,
0.1571,
0.1455,
0.1534,
1.1660,
0.1573,
1.1570,
0.1788,
1.1644,
1.1504,
1.1734,
1.1699,
1.1713,
1.1586,
1.1684,
1.1913,
1.1740,
1.1600,
1.1745,
1.1582,
1.2252,
1.1879,
1.1980,
1.2001,
1.2347,
1.2157,
1.2363,
1.1952,
1.2407,
1.2250,
1.2443,
1.2335,
1.2122,
0.2658,
0.2756,
0.2951,
0.2863,
0.2861,
0.3014,
1.2450,
1.2323,
0.2721,
1.2217,
1.2526,
1.2590,
1.2116,
1.2587,
1.2371,
1.2515,
1.2243,
0.7073,
0.7155,
0.7446,
0.7365,
0.7302,
0.7333,
0.7349,
0.7380,
0.7258,
0.7376,
0.7290,
0.7379,
0.7524,
0.7443,
0.0000,
0.7539,
0.7499,
0.7407,
-0.2764,
0.7344,
-0.2963,
-0.3103,
-0.2961,
-0.2963,
0.0000,
-0.3095,
-0.2941,
-0.2699,
-0.3002,
0.0000,
-0.3030,
-0.2743,
0.0000,
-0.3195,
-0.2846,
-0.3047,
-0.2961,
-0.2934,
0.7340,
0.7401,
0.7828,
0.7440,
0.7481,
0.7131,
0.7529,
0.7433,
0.7536,
-0.2835,
0.7555,
-0.2678,
-0.2801,
-0.2862,
-0.2679,
-0.2716,
-0.7395,
-0.2968,
-0.7007,
-0.6796,
-0.7045,
-0.6876,
-0.7106,
-0.6939,
-0.7032,
-0.7046,
-0.7315,
-0.6978,
-0.7113,
-0.7229,
-0.7229,
-0.7156,
-0.7270,
-0.7144,
-0.7140,
-0.7216,
-0.7179,
-0.7284,
-0.7203,
-0.7263,
-0.7228,
-0.7251,
-0.6210,
-0.7362,
-0.7190,
-0.6423,
-0.6573,
-0.6389,
-0.6471,
-0.6393,
-0.6369,
-0.6342,
-0.6460,
-0.6654,
-0.6381,
-0.6525,
-0.6156,
-0.5871,
-0.6193,
-0.6123,
-0.5946,
-0.5951,
-0.5891,
-0.5959,
0.2262,
0.2245,
0.2149,
0.2233,
0.1767,
0.1737,
0.1903,
0.1876,
0.1905,
1.2114,
1.2120,
1.2029,
1.2064,
1.1906,
1.2287,
1.2296,
1.2248,
1.2385,
1.2201,
1.2208,
1.2194,
1.2226,
1.2192,
1.2198,
1.2238,
1.2112,
1.1976,
0.6955,
0.6900,
0.7033,
0.6930,
0.6992,
0.6946,
0.7025,
0.7086,
0.7119,
0.7017,
0.7046,
0.7054,
0.7086,
0.7556,
0.7697,
-0.2863,
-0.2886,
-0.2994,
-0.2743,
-0.2680,
-0.2868,
-0.2873,
-0.2660,
-0.2848,
-0.2892,
-0.2798,
0.2350,
0.2146,
0.2155,
0.2133,
0.2204,
0.1413,
0.1940,
0.1760,
0.1878,
0.1564,
0.1485,
1.2494,
0.1476,
1.2471,
1.1595,
1.1599,
1.1559,
1.1650,
1.1650,
1.1638,
1.1566,
1.1524,
1.1472,
1.1581,
1.1633,
1.1637,
1.2102,
1.2170,
1.1906,
1.2402,
1.2288,
1.2048,
1.2077,
1.2159,
1.2273,
1.2393,
1.2111,
0.2957,
1.2472,
0.2714,
0.2667,
0.2605,
0.2505,
0.2630,
0.3189,
0.2767,
0.2773,
0.2777,
0.2926,
0.2795,
0.3031,
0.2985,
0.3216,
1.2389,
1.2157,
1.2351,
1.2264,
1.2176,
1.2212,
1.2472,
1.2505,
1.2359,
1.2510,
0.7093,
0.7233,
0.7098,
0.7356,
0.7273,
0.7303,
0.7540,
0.7458,
0.6944,
0.7012,
0.7366,
0.7620,
0.7404,
0.7539,
0.7021,
0.7464,
0.7464,
-0.2833,
-0.2759,
-0.2951,
-0.2923,
-0.2965,
-0.2664,
-0.3160,
-0.3025,
-0.2992,
-0.2980,
-0.2987,
-0.2722,
-0.3101,
-0.2717,
-0.2781,
-0.3002,
-0.2846,
0.7539,
0.7406,
0.7481,
0.7579,
0.7394,
0.7565,
0.7638,
0.7485,
0.7290,
0.7547,
-0.2680,
-0.2854,
-0.2695,
-0.2658,
-0.2534,
-0.2630,
-0.2765,
-0.2768,
-0.2805,
-0.2523,
-0.2717,
-0.2993,
-0.2752,
0.0000,
-0.6815,
-0.2855,
-0.6815,
-0.6896,
-0.6857,
-0.6998,
-0.6957,
-0.6674,
-0.7255,
-0.6857,
-0.6874,
-0.7268,
-0.7451,
-0.7245,
-0.7100,
-0.7196,
-0.7187,
-0.7333,
-0.7419,
-0.7146,
-0.7408,
-0.7101,
-0.7398,
-0.7310,
-0.7328,
-0.7085,
-0.7162,
-0.6435,
-0.5698,
-0.5795,
-0.5800,
-0.5912,
-0.5817,
-0.6077,
-0.5896,
-0.5913,
-0.5781,
-0.5857,
-0.5795,
0.2276,
0.2189,
0.2079,
0.2167,
0.2154,
0.2195,
0.2029,
0.2164,
0.2361,
0.2313,
0.1985,
1.2087,
1.1971,
1.2244,
1.2257,
1.2247,
1.2321,
1.2108,
1.2285,
1.2123,
1.2071,
1.2038,
1.2164,
1.2195,
1.2020,
1.1898,
0.6907,
0.6914,
0.7144,
0.7028,
0.6967,
0.7012,
0.7103,
0.7013,
0.7011,
0.7156,
0.7049,
-0.2229,
-0.2239,
-0.2853,
-0.2884,
-0.2832,
-0.2891,
-0.2913,
-0.2924,
-0.2920,
-0.2926,
-0.2892,
-0.2868,
-0.2905,
0.2283,
0.2150,
0.2174,
0.2053,
0.1482,
0.1473,
0.1533,
1.2082,
0.6973,
1.2364,
1.2039,
1.2382,
1.2100,
1.2182,
1.2469,
1.2321,
1.2327,
1.2392,
1.2411,
1.1543,
1.2116,
1.2118,
1.2132,
1.2198,
1.2266,
1.2203,
1.2592,
1.2446,
1.2435,
0.2719,
1.2333,
0.2751,
0.2628,
0.2734,
0.2670,
0.2633,
0.2764,
0.3170,
0.2482,
0.2831,
0.3176,
0.2913,
0.2834,
0.2903,
0.2805,
0.3000,
0.2966,
0.3188,
0.2856,
1.2273,
1.2390,
1.2581,
1.2324,
1.2416,
1.2557,
1.2414,
1.2293,
1.2305,
1.2633,
1.3037,
1.2913,
0.7341,
0.7181,
0.7331,
0.7050,
0.7212,
0.7352,
0.7454,
0.7302,
0.7008,
0.7260,
0.7487,
0.7411,
0.0000,
0.7386,
0.7025,
0.7155,
-0.2904,
0.7316,
-0.3031,
-0.2907,
-0.3132,
-0.3022,
-0.2967,
-0.3065,
-0.3053,
-0.3013,
-0.3088,
-0.2994,
-0.2940,
-0.2828,
-0.2824,
-0.2803,
-0.2849,
-0.2623,
0.7446,
0.7425,
0.7540,
0.7582,
0.7556,
0.7371,
0.7631,
0.7302,
0.7412,
0.7466,
0.7742,
0.7425,
-0.2846,
-0.2795,
-0.2553,
-0.2647,
0.0000,
-0.2645,
-0.2741,
-0.2768,
-0.2442,
-0.2738,
-0.2594,
-0.2849,
-0.2752,
-0.2848,
-0.2825,
-0.2899,
-0.2961,
-0.2883,
-0.2812,
-0.6853,
-0.6903,
-0.6952,
-0.6988,
-0.6800,
-0.6831,
-0.7049,
-0.6815,
-0.6938,
-0.7212,
-0.7308,
-0.7492,
-0.7152,
-0.7133,
-0.6954,
-0.7066,
-0.7076,
-0.6892,
-0.6997,
-0.7180,
-0.6837,
-0.6979,
-0.7241,
-0.5992,
-0.6088,
-0.6179,
-0.5880,
-0.5760,
-0.6046,
-0.5810,
0.2143,
0.2094,
0.2365,
0.2220,
0.2188,
0.2116,
0.2092,
0.2228,
0.2288,
0.2134,
0.2302,
0.2467,
0.2363,
1.2343,
0.2343,
1.2298,
1.2133,
1.2148,
1.2075,
1.2238,
1.2234,
1.2276,
1.2252,
1.1910,
0.6960,
0.6947,
0.6845,
0.7001,
0.7029,
0.7035,
0.7093,
-0.2284,
-0.2225,
-0.2292,
-0.2324,
-0.2334,
-0.2308,
0.6935,
0.7106,
0.7053,
0.6875,
-0.2261,
-0.2886,
-0.2934,
-0.2348,
-0.2275,
-0.2470,
0.2200,
0.2190,
0.1348,
0.1360,
0.1389,
0.1384,
1.1838,
1.1865,
1.1952,
1.1913,
1.1928,
1.2222,
1.2098,
1.1958,
1.2353,
1.2347,
1.2274,
1.2389,
1.2097,
1.2593,
1.2162,
0.2968,
0.2834,
1.2479,
0.3070,
0.2804,
0.2764,
1.1676,
0.2741,
0.2936,
0.2895,
0.2748,
0.2787,
0.2773,
0.2709,
0.2973,
0.2735,
0.2810,
0.3247,
0.2984,
0.3010,
0.3061,
0.2933,
0.2907,
1.2480,
1.2499,
1.2377,
1.2334,
1.2521,
1.2413,
1.2465,
1.2444,
1.2386,
1.2661,
1.2391,
1.2578,
1.2301,
1.3231,
0.7594,
1.2284,
0.7231,
0.7245,
0.7259,
0.7339,
0.7086,
0.7377,
0.7099,
0.7007,
0.7409,
0.6935,
0.6971,
0.7483,
0.6990,
0.6934,
0.7292,
-0.2884,
-0.2771,
-0.2972,
-0.2918,
-0.3266,
-0.2926,
-0.2959,
-0.2873,
-0.2834,
-0.3162,
-0.2966,
-0.2709,
-0.2474,
-0.2633,
-0.2734,
-0.2758,
0.7545,
0.7193,
0.7581,
0.7411,
0.7598,
0.7554,
0.7435,
0.7386,
0.7574,
0.0000,
0.7622,
0.7419,
0.7382,
0.7386,
0.7655,
-0.2958,
-0.2804,
-0.2534,
-0.2839,
-0.2496,
-0.2585,
-0.2517,
-0.2708,
-0.2712,
-0.2764,
-0.3014,
-0.2823,
-0.2576,
-0.3123,
-0.2613,
-0.2956,
-0.2700,
-0.7413,
-0.2939,
-0.2561,
-0.2853,
-0.6741,
-0.2720,
-0.6800,
-0.6890,
-0.6793,
-0.6785,
-0.6671,
-0.6901,
-0.7004,
-0.6814,
-0.7006,
-0.6999,
-0.6926,
-0.6902,
-0.2849,
-0.7215,
-0.7332,
-0.6312,
-0.6242,
-0.6055,
-0.6203,
-0.5846,
-0.5945,
0.2147,
0.2390,
0.2446,
0.2172,
0.2306,
0.2390,
1.2388,
1.2342,
1.2256,
1.2234,
0.2300,
0.2411,
1.2361,
0.2259,
0.2434,
0.2309,
1.2105,
1.1991,
1.2314,
1.2288,
1.2112,
1.2080,
1.2275,
0.7009,
0.6836,
0.7011,
0.7111,
-0.2552,
-0.2390,
-0.2469,
-0.2257,
-0.2288,
-0.2249,
-0.2294,
0.6915,
0.6928,
0.7000,
0.6924,
0.7070,
0.6943,
0.7015,
-0.2299,
-0.2858,
-0.2939,
-0.2800,
0.2089,
0.2094,
0.2006,
0.1840,
0.1943,
1.1688,
1.1653,
1.1669,
1.1755,
1.1877,
0.2386,
0.2470,
0.2453,
0.2523,
0.2244,
0.2283,
0.2466,
1.1941,
1.1952,
1.1917,
1.1883,
1.1914,
1.1725,
0.6929,
0.6894,
0.7045,
-0.2968,
-0.3127,
0.6966,
0.7020,
0.7155,
0.7428,
0.7312,
0.7265,
-0.3056,
-0.3121,
-0.3024,
-0.3001,
-0.3059,
-0.3217,
-0.3180,
-0.7143,
-0.7014,
-0.7147,
-0.7357,
-0.7419,
-0.6071,
-0.6069,
-0.6009,
-0.6027,
-0.5840,
0.2059,
0.2256,
0.2030,
0.2351,
1.2310,
1.2051,
1.2028,
1.2177,
1.1993,
1.1975,
1.1970,
0.2268,
0.2359,
0.2275,
0.2280,
0.2323,
0.2488,
0.2359,
1.2162,
1.2155,
1.2094,
1.1829,
-0.2618,
-0.2654,
-0.2675,
-0.2614,
-0.2514,
-0.2627,
-0.2494,
-0.2345,
-0.2243,
-0.2185,
-0.2327,
-0.2335,
0.6845,
0.6885,
-0.2189,
0.6843,
0.6963,
0.7035,
0.7054,
-0.2274,
-0.2738,
0.2231,
0.2198,
0.2270,
1.1773,
1.1773,
1.1885,
1.1742,
1.1986,
0.2714,
0.2346,
0.2448,
0.2351,
0.2408,
0.2622,
0.2243,
0.2391,
0.2306,
1.1997,
1.1944,
1.1990,
1.1944,
1.1910,
1.1769,
0.7109,
0.7138,
-0.3011,
-0.3077,
-0.3029,
0.6941,
0.6907,
0.7004,
0.7174,
0.7226,
0.7225,
-0.3268,
-0.3073,
-0.3391,
-0.2988,
-0.3163,
-0.3171,
-0.3179,
-0.3145,
-0.2883,
-0.7047,
-0.7012,
-0.7048,
-0.7104,
-0.7208,
-0.5801,
-0.5809,
-0.5829,
0.2178,
0.2302,
1.2338,
1.2034,
1.2109,
1.1977,
0.2397,
1.1935,
1.1906,
0.2282,
0.2249,
0.2193,
0.2277,
0.2146,
0.2209,
0.2400,
0.2408,
0.2420,
0.2303,
0.2190,
0.2162,
-0.2717,
-0.2637,
-0.2528,
-0.2581,
-0.2570,
-0.2696,
-0.2727,
-0.2659,
-0.2349,
-0.2365,
-0.2463,
-0.2267,
-0.2425,
-0.2359,
-0.2360,
-0.2342,
-0.2304,
-0.2377,
0.6894,
0.7036,
0.1328,
0.2123,
1.1908,
1.1921,
1.1806,
1.1827,
1.1901,
0.2519,
0.2273,
0.2462,
0.2649,
0.2271,
0.2396,
0.2388,
0.2655,
0.2510,
1.2025,
1.2068,
1.2021,
1.1836,
1.1839,
1.1798,
1.1755,
1.1833,
0.7051,
0.6975,
-0.3059,
0.7007,
0.6966,
0.7027,
0.7115,
0.7251,
0.7260,
0.7251,
0.7233,
0.0000,
-0.2962,
-0.3056,
-0.3146,
-0.3117,
-0.3041,
-0.0722,
142.8540,
-26.0577,
-0.6946,
-0.7277,
-0.7110,
-0.7152,
-0.7020,
-0.5967,
-0.6093,
1.2050,
1.1986,
0.2298,
0.2334,
0.2411,
0.2406,
0.2389,
0.2204,
0.2201,
0.2335,
0.2204,
0.2274,
0.2345,
0.2372,
0.2291,
0.2371,
0.2423,
0.2060,
0.2408,
0.2109,
-0.2664,
-0.2783,
-0.2574,
-0.2599,
-0.2527,
-0.2555,
-0.2642,
-0.2535,
-0.2686,
-0.2448,
-0.2473,
-0.2337,
-0.2314,
-0.2155,
-0.2317,
-0.2360,
-0.2310,
-0.2284,
-0.2398,
0.2234,
1.1963,
1.1989,
1.1885,
1.1930,
0.2343,
0.2289,
0.2481,
0.2469,
0.2512,
0.2758,
0.2788,
0.2311,
0.2464,
0.2504,
0.2396,
1.1923,
1.1992,
1.2052,
1.1935,
1.1752,
1.1795,
1.1709,
1.1776,
1.2197,
-0.3193,
0.6563,
0.6525,
0.6999,
0.7006,
0.7078,
0.6932,
0.7279,
0.7111,
0.7264,
-0.3023,
-0.3097,
-0.3107,
-0.3126,
-0.2864,
-0.2978,
-0.3048,
-165.4116,
0.0000,
0.0000,
0.0000,
-0.6984,
-0.6906,
-0.6943,
-0.7121,
-0.5777,
0.2381,
0.2377,
0.2415,
0.2378,
0.2383,
0.2234,
0.2350,
0.2238,
0.2197,
0.2213,
0.2424,
0.2401,
0.2364,
0.2238,
0.2443,
0.2259,
0.2339,
0.2242,
0.2132,
-0.2767,
-0.2592,
-0.2558,
-0.2622,
-0.2455,
-0.2348,
-0.2655,
-0.2438,
-0.2399,
-0.2373,
-0.2395,
-0.2373,
-0.2380,
-0.2375,
-0.2248,
-0.2287,
0.2199,
0.2372,
0.2391,
1.1890,
0.2281,
0.2294,
0.2259,
0.2384,
0.2242,
0.2345,
0.2596,
0.2764,
0.2752,
0.2386,
0.2415,
0.2475,
0.2503,
1.2078,
1.1997,
1.1963,
1.1875,
1.1898,
1.1784,
1.1795,
1.2158,
1.2139,
0.6989,
0.6539,
0.6592,
0.7005,
0.7035,
0.7020,
0.7081,
0.7252,
0.7289,
0.7400,
-0.3035,
-0.3081,
-0.3025,
-0.3131,
-0.2899,
-0.2950,
-0.3295,
-0.3251,
0.0000,
0.0000,
0.0000,
-0.3622,
4.0503,
-0.6985,
-0.3602,
0.0000,
-0.5879,
0.2356,
0.2288,
0.2335,
0.2325,
0.2371,
0.2255,
0.2333,
0.2276,
0.2283,
0.2460,
0.2368,
0.2470,
0.2290,
0.2199,
0.2157,
0.2158,
-0.2676,
-0.2665,
-0.2780,
-0.2653,
-0.2646,
-0.2697,
-0.2564,
-0.2665,
-0.2478,
-0.2460,
-0.2478,
-0.2462,
-0.2379,
-0.2290,
0.2254,
0.2381,
0.2392,
0.2523,
0.2168,
0.2286,
0.2351,
0.2409,
0.2412,
0.2577,
0.2518,
0.2613,
0.2490,
0.2645,
0.2360,
0.2378,
0.2329,
0.2252,
1.2006,
1.1905,
1.1912,
1.1827,
1.1709,
1.1953,
1.1830,
1.1751,
1.1827,
-0.3041,
0.7035,
0.7038,
0.7072,
0.7054,
0.7045,
0.7149,
0.7264,
0.7247,
0.7251,
-0.3065,
-0.3187,
-0.3225,
-0.3092,
-0.2877,
-0.3438,
-0.3437,
-0.3423,
-0.3588,
-0.3418,
-0.3553,
-0.3410,
-0.3439,
-0.3488,
-0.1639,
-0.1478,
-0.3557,
-0.3504,
0.2349,
0.2301,
0.2373,
0.2438,
0.2070,
0.2351,
0.2402,
0.2405,
0.2470,
0.2233,
0.2336,
0.2136,
0.2188,
0.2137,
-0.2708,
-0.2539,
-0.2721,
-0.2618,
-0.2597,
-0.2673,
-0.2644,
-0.2570,
-0.2641,
-0.2425,
-0.2367,
0.2292,
0.2284,
0.2247,
0.2200,
0.2443,
0.2294,
0.2430,
0.2270,
0.2314,
0.2408,
0.2268,
0.2360,
0.2554,
0.2589,
0.2862,
0.2709,
0.2755,
0.2635,
1.1853,
1.2086,
1.2083,
1.2064,
1.1797,
1.1877,
1.1782,
1.1891,
1.2208,
1.1773,
0.7014,
0.7094,
0.6621,
0.7185,
0.7104,
0.7074,
0.7111,
0.7268,
0.7220,
0.6941,
0.6995,
-0.2927,
-0.2871,
-0.2912,
-0.2764,
-0.3310,
-0.3492,
-0.3477,
-0.3339,
-0.3325,
-0.3332,
-0.3410,
-0.3392,
-0.3578,
-0.3342,
-0.3421,
-0.3589,
-0.3461,
-0.3424,
0.2257,
0.2281,
0.2338,
0.2408,
0.2280,
0.2369,
0.2371,
0.2323,
0.2165,
0.2122,
0.2154,
-0.2730,
-0.2729,
-0.2741,
-0.2673,
-0.2635,
-0.2591,
-0.2487,
-0.2687,
0.2240,
0.2175,
0.2263,
0.2206,
0.2333,
0.2241,
0.2270,
0.2269,
0.2236,
0.2275,
0.2161,
0.2178,
0.2251,
1.2681,
1.2620,
1.2145,
0.2417,
0.2703,
0.2597,
0.2553,
1.1879,
1.1895,
1.1881,
1.1755,
1.1827,
1.2151,
1.2228,
1.2314,
1.2276,
1.2117,
-0.3004,
0.6606,
0.6516,
0.6616,
0.6694,
0.6527,
0.7049,
0.7010,
0.6947,
0.7095,
0.7164,
-0.3073,
-0.2949,
-0.3205,
-0.3171,
0.6477,
0.7256,
0.7273,
-0.3326,
-0.3397,
-0.3446,
-0.3506,
-0.3317,
-0.3397,
-0.3652,
-0.2062,
-0.3468,
-0.3421,
-0.3567,
-0.3524,
-0.5822,
0.2380,
0.2381,
0.2407,
0.2334,
0.2232,
0.2151,
0.2251,
0.2343,
-0.2730,
-0.2666,
-0.2736,
-0.2597,
-0.2688,
0.2205,
0.2408,
0.2264,
0.2166,
0.2292,
0.2145,
0.2304,
1.2602,
1.2610,
1.2666,
1.2617,
1.2534,
1.2595,
1.2762,
0.2238,
0.2175,
1.2172,
0.2383,
0.2388,
0.2359,
1.1848,
1.1811,
1.1685,
1.1731,
1.2271,
1.2180,
1.2232,
1.2217,
1.2299,
1.2240,
1.2282,
0.6947,
0.6509,
0.6586,
0.6653,
0.6647,
0.6646,
0.6613,
0.6639,
0.7085,
0.6985,
0.7016,
0.6981,
0.0000,
-0.3488,
-0.3431,
0.6444,
-0.3446,
-0.3279,
0.7264,
0.7300,
0.7461,
0.7321,
0.7260,
0.7399,
0.7251,
-0.3398,
-0.3518,
-0.3460,
-0.2733,
-0.2851,
-0.2729,
-0.5917,
0.2191,
0.2213,
0.2187,
0.2166,
0.2077,
-0.2740,
-0.6211,
0.2437,
0.2488,
0.2520,
0.2658,
0.2658,
0.2470,
0.2498,
0.2308,
0.2563,
0.2601,
0.2592,
0.2558,
0.2398,
0.2389,
0.2424,
0.2538,
0.2660,
0.2525,
1.2258,
0.2456,
1.2226,
1.2219,
1.2161,
1.2248,
1.2227,
1.2123,
1.2196,
1.2231,
1.2167,
1.2202,
1.2209,
-0.3174,
0.6463,
0.6592,
0.6563,
0.6606,
0.6743,
0.6667,
0.6651,
0.6604,
0.6618,
0.6589,
0.6536,
0.0000,
0.6683,
-0.3392,
-0.3505,
-0.3316,
-0.2805,
-0.2699,
-0.2728,
-0.2757,
-0.2645,
-0.2659,
-0.2596,
-0.2774,
-0.2827,
-0.2798,
-0.2752,
-0.2733,
-0.2801,
-0.2733,
-0.2695,
0.5485,
0.2206,
0.2307,
0.2499,
0.2361,
0.2269,
0.2379,
0.2405,
0.2470,
0.2464,
0.2476,
0.2477,
0.2508,
0.2535,
0.2414,
0.2507,
0.2471,
0.2368,
0.2428,
0.2514,
0.2553,
1.2247,
1.2155,
1.2208,
1.2200,
1.2176,
1.2222,
1.2238,
1.2216,
1.2219,
1.2254,
1.2211,
1.2261,
0.7018,
0.6500,
0.6698,
0.6557,
0.6545,
0.6552,
0.6643,
0.6700,
0.6593,
0.6664,
0.6780,
0.6552,
0.6538,
-0.3411,
-0.3475,
-0.4347,
-0.2692,
-0.2659,
-0.2743,
-0.2701,
-0.2703,
-0.2735,
-0.2603,
-0.2512,
-0.2847,
-0.2832,
-0.2724,
-0.2694,
-0.2587,
-0.2646,
-0.2856,
-0.2833,
0.2365,
0.2393,
0.2213,
0.2276,
0.2315,
0.2323,
0.2265,
0.2368,
0.2390,
0.2223,
0.2353,
0.2406,
0.2578,
0.2206,
0.2258,
0.2277,
0.2293,
1.2171,
1.2238,
1.2159,
1.2129,
1.2239,
1.2238,
1.2132,
1.2165,
1.2155,
1.2163,
1.2223,
1.2161,
-0.3067,
0.6718,
0.6707,
0.6579,
0.6590,
0.6587,
0.6701,
0.6621,
0.6725,
0.6604,
0.6562,
0.6572,
0.6655,
-0.3447,
-0.3407,
-0.3320,
-0.3380,
-0.2617,
-0.2596,
-0.2644,
-0.2675,
-0.2666,
-0.2654,
-0.2732,
-0.2683,
-0.2783,
-0.2789,
-0.2729,
-0.2697,
-0.2815,
1.2514,
1.2578,
1.2635,
1.2470,
1.2619,
0.2234,
0.2293,
0.2286,
0.2296,
0.2425,
0.2724,
0.2482,
0.2398,
1.2529,
1.2156,
1.2304,
1.2117,
1.2248,
1.2166,
1.2172,
1.2106,
1.2785,
1.2851,
1.2708,
1.2687,
1.2627,
0.7056,
0.7363,
0.7379,
0.7321,
0.7306,
0.6562,
0.6586,
0.6580,
0.6579,
0.6635,
0.6673,
0.6514,
0.7274,
0.7314,
-0.2710,
-0.0472,
-0.2742,
-0.2809,
-0.2708,
-0.2813,
-0.2634,
-0.2777,
0.7347,
0.7258,
0.7207,
0.7274,
0.7299,
1.2613,
1.2516,
1.2506,
1.2707,
0.2177,
0.2257,
0.2368,
0.2328,
0.2600,
1.2562,
1.2540,
1.2786,
1.2611,
1.2748,
1.2892,
1.2661,
1.2720,
1.2567,
1.2741,
1.2778,
1.2642,
1.2573,
-0.2968,
0.7387,
0.7272,
0.7320,
0.7350,
0.7391,
0.7428,
0.7239,
0.7363,
0.7342,
0.7314,
0.7404,
0.7403,
0.7403,
-0.2587,
-0.2707,
-0.2681,
-0.2683,
-0.2726,
0.7355,
0.7395,
0.7250,
0.7282,
1.2636,
0.2273,
0.2273,
0.2226,
1.2436,
1.2623,
1.2466,
1.2555,
1.2557,
1.2485,
1.2571,
1.2570,
1.2580,
1.2688,
1.2508,
1.2595,
1.2386,
1.2702,
0.7034,
0.7275,
0.7281,
0.7347,
0.7424,
0.7350,
0.7272,
0.7324,
0.7300,
0.7331,
0.7282,
0.7289,
0.7234,
0.7169,
0.7197,
-0.2677,
-0.2790,
-0.2669,
0.7256,
1.2402,
1.2667,
1.2657,
1.2729,
1.2487,
1.2555,
1.2554,
1.2534,
1.2659,
1.2557,
1.2553,
1.2597,
-0.3086,
0.7290,
0.7292,
0.7429,
0.7339,
0.7260,
0.7225,
0.7234,
0.7199,
0.7152,
0.7191,
0.7153,
0.7305,
0.0000,
0.0000,
-0.6893,
-0.6873,
-0.7259,
-0.7293,
-0.7305,
-0.7301,
-0.7201,
-0.7294,
-0.7209,
-0.7122,
-0.7191,
-0.7144,
-0.7150,
-0.7069,
-0.7199,
-0.7240,
-0.7367,
-0.7156,
-0.7271,
-0.7233,
-0.6281,
-0.6406,
-0.6743,
-0.6509,
-0.6652,
-0.6587,
-0.6818,
-0.6862,
-0.6695,
-0.7070,
-0.6708,
-0.6837,
-0.6826,
-0.5962,
-0.6878,
-0.6482,
-0.5870,
-0.6421,
-0.6091,
-0.6218,
-0.6408,
-0.5993,
-0.6779,
-0.6098,
-0.6114,
-0.6151,
-0.6090,
-0.6140,
-0.6123,
-0.6070,
-0.6219,
-0.5855,
-0.5796,
-0.5874,
-0.6960,
-0.6774,
-0.5953,
-0.6691,
-0.5995,
-0.6007,
-0.5873,
-0.3060,
-0.3040,
-0.2871,
-0.2966,
-0.2955,
-0.2798,
-0.2985,
-0.3174,
-0.2948,
-0.3194,
-0.2600,
-0.2995,
-0.3157,
-0.2821,
-0.3045,
0.0000,
-0.3039,
-0.3086,
-0.2984,
-0.2953,
-0.2889,
-0.3001,
-0.3009,
-0.3028,
-0.3065,
-0.3145,
-0.3075,
-0.2986,
-0.2963,
-0.2925,
-0.2973,
-0.3051,
-0.3024,
-0.3107,
-0.3075,
-0.3066,
-0.3247,
-0.3112,
-0.3252,
-0.2978,
-0.2908,
-0.2892,
-0.2938,
-0.3105,
-0.3048,
-0.3206,
-0.2714,
-0.2939,
-0.2959,
-0.2990,
-0.6128,
-0.5985,
-0.5952,
-0.6194,
-0.5849,
-0.5820,
-0.5797,
-0.5984,
-0.6176,
-0.6094,
-0.6345,
-0.6056,
-0.6302,
-0.6214,
-0.6248,
-0.6151,
-0.6237,
-0.6359,
-0.6106,
-0.5944,
0.0000,
0.0000,
0.0000,
0.0000,
0.0000,
0.0000,
0.0000,
0.0000,
0.0000,
0.0000,
0.0000,
0.0000,
0.0000,
0.0000,
0.0000,
0.0000,
0.0000,
0.0000,
0.0000,
0.0000,
0.0000,
0.0000,
0.0000,
0.0000,
0.0000,
0.0000,
0.0000,
0.0000,
0.0000,
0.0000,
0.0000,
0.0000,
-0.3169,
0.0000,
1.1974,
1.2073,
1.2162,
1.2139,
1.2169,
1.2089,
1.2112,
1.2088,
1.2229,
1.2330,
1.2317,
1.2225,
1.2305,
1.2323,
1.2320,
1.2082,
1.2182,
1.2360,
1.2187,
1.2208,
0.6857,
0.6951,
0.7018,
0.6639,
0.6926,
0.6773,
0.6679,
0.6966,
0.6708,
0.6799,
0.6648,
0.6586,
0.6653,
0.6600,
0.6745,
0.6708,
0.6535,
0.6587,
0.6666,
0.6782,
0.6434,
0.6497,
0.6654,
0.6609,
0.6764,
0.6503,
0.6674,
0.6711,
0.6550,
0.6873,
0.6591,
0.6487,
0.6565,
0.6503,
0.6578,
0.6554,
0.6473,
0.6670,
0.6433,
0.6194,
0.6608,
0.6304,
0.6224,
0.6795,
0.6477,
0.6691,
0.6610,
0.6517,
0.6820,
0.6715,
0.7550,
0.7440,
0.7434,
-0.2829,
-0.2756,
0.7301,
-0.2821,
0.7488,
0.7424,
0.7472,
0.7615,
0.7605,
0.7532,
0.7464,
0.7483,
0.7335,
0.7297,
0.7492,
-0.2409,
0.7488,
0.7639,
-0.1968,
0.7614,
-0.2180,
-0.2776,
0.7345,
-0.2920,
0.7519,
-0.2536,
-0.2783,
-0.2422,
-0.2822,
-0.2905,
-0.2549,
-0.2859,
-0.2424,
-0.2489,
-0.2465,
-0.2633,
0.7042,
0.7223,
-0.3091,
-0.2990,
-0.2949,
-0.2900,
-0.2953,
-0.2809,
-0.2575,
-0.2558,
-0.2622,
-0.2622,
-0.2735,
-0.2623,
-0.2603,
-0.2399,
-0.1826,
-0.1923,
-0.1965,
-0.2311,
-0.2299,
-0.2429,
-0.2425,
-0.2412,
-0.7194,
-2.6623,
-0.7170,
-0.7051,
-0.7053,
-0.7024,
-0.7028,
-0.7011,
-0.6951,
-0.7021,
-0.6950,
-0.7339,
-0.5912,
-0.6043,
-0.7244,
-0.7217,
-0.7031,
-0.7137,
-0.7201,
-0.7262,
-0.7186,
-0.7236,
-0.7127,
-0.7042,
-0.7106,
-0.6832,
-0.6675,
-0.6905,
-0.6774,
-0.6978,
-0.6750,
-0.6765,
-0.6708,
-0.6513,
-0.6889,
-0.6644,
-0.7106,
-0.3177,
-0.6874,
-0.6927,
-0.2813,
-0.5953,
-0.6128,
-0.2788,
-0.6005,
-0.2859,
-0.3060,
-0.6031,
-0.2975,
-0.5854,
-0.3099,
-0.2690,
-0.2940,
-0.2925,
-0.3114,
-0.2675,
-0.2988,
-0.2894,
-0.3190,
-0.3002,
-0.3135,
-0.2993,
-0.2756,
-0.3299,
-0.2696,
-0.3151,
-0.2785,
-0.2903,
-0.2971,
-0.2960,
-0.3050,
-0.3049,
-0.2911,
-0.2945,
-0.3255,
-0.2970,
-0.2981,
-0.3347,
-0.3040,
-0.3107,
-0.2800,
-0.3261,
-0.2824,
-0.2959,
-0.3247,
-0.3086,
-0.2871,
-0.2897,
-0.2693,
-0.2868,
-0.2963,
-0.2748,
-0.2744,
-0.2857,
-0.2810,
-0.2901,
-0.2958,
-0.3086,
-0.3015,
-0.2939,
-0.2912,
-0.3033,
-0.2992,
-0.2868,
-0.3058,
-0.2925,
-0.2875,
-0.3082,
-0.2821,
0.7267,
0.7311,
-0.5958,
0.7289,
-0.5967,
-0.6211,
0.7029,
-0.5968,
0.7440,
0.7440,
-0.6107,
0.7366,
0.0000,
0.0000,
0.0000,
0.7445,
0.0000,
0.7260,
0.7532,
0.7373,
0.7699,
0.7539,
0.7345,
0.7668,
0.7276,
1.1929,
0.0000,
0.0000,
0.0000,
0.0000,
0.0000,
0.0000,
0.0000,
0.0000,
0.0000,
0.0000,
0.0000,
0.0000,
0.0000,
0.0000,
0.0000,
0.0000,
0.0000,
0.0000,
0.0000,
0.0000,
0.0000,
0.0000,
0.0000,
0.7258,
0.0000,
-0.3064,
-0.2414,
-0.2380,
-0.3373,
-0.2413,
-0.3157,
-0.3379,
-0.3191,
-0.3106,
-0.3242,
-0.3045,
-0.3190,
-0.2748,
-0.3100,
-0.3091,
1.2103,
-0.3066,
1.2179,
1.2160,
-0.3260,
1.2166,
-0.2964,
-0.2965,
1.2178,
-0.2908,
0.6975,
0.6865,
0.6642,
0.6994,
0.6853,
0.6876,
0.6982,
0.6982,
0.7023,
0.6887,
0.7005,
0.6917,
0.7017,
0.7173,
0.6842,
0.7014,
0.6854,
0.6716,
0.7209,
0.6863,
0.7002,
0.7139,
0.6884,
0.6655,
0.6724,
0.6530,
0.6664,
0.6574,
0.6828,
0.6551,
0.6435,
0.6537,
0.6652,
0.6522,
0.6208,
0.6364,
0.6306,
0.6369,
0.6375,
0.6493,
0.6555,
0.6570,
0.6332,
0.6720,
0.6570,
0.6296,
0.6590,
0.6587,
0.6428,
0.6632,
0.6429,
0.6658,
0.6440,
0.6252,
0.6723,
0.6558,
0.6567,
0.6384,
0.6621,
0.7294,
0.6339,
0.6476,
0.7745,
0.6260,
0.7311,
0.7458,
0.6559,
0.7166,
0.6447,
-0.2641,
-0.2733,
0.6585,
-0.2947,
-0.2731,
-0.2785,
-0.2618,
-0.2568,
-0.2732,
-0.2430,
-0.2962,
-0.2412,
-0.2597,
-0.2870,
-0.2430,
-0.3007,
-0.2993,
-0.2845,
-0.2573,
-0.2624,
-0.2558,
-0.2601,
-0.2668,
-0.2736,
-0.2631,
-0.2705,
0.7261,
0.7262,
-0.2562,
-0.2279,
-0.2312,
-0.2284,
-0.2266,
-0.2403,
-0.2509,
-0.2438,
-0.2471,
-0.2414,
-0.2471,
-0.2415,
0.0000,
-0.7250,
-0.7055,
-0.7116,
-0.6893,
-0.7027,
-0.7259,
-0.6988,
-0.6893,
-0.6953,
-0.6966,
-0.5974,
-0.7246,
-0.7159,
-0.5941,
-0.7244,
-0.7190,
-0.7214,
-0.7244,
-0.7131,
-0.7249,
-0.7193,
-0.7217,
-0.7286,
-0.7225,
-0.7150,
-0.6725,
-0.6812,
-0.6859,
-0.6852,
-0.6839,
-0.2868,
-0.3092,
-0.2699,
-0.2722,
-0.2966,
-0.2884,
-0.2943,
-0.2757,
-0.2976,
-0.3131,
-0.2979,
-0.2908,
-0.2757,
-0.2963,
-0.2842,
-0.2984,
-0.3089,
-0.2981,
-0.2967,
-0.2842,
-0.2829,
-0.2965,
-0.2816,
-0.2852,
-0.2895,
-0.2927,
-0.2773,
-0.2956,
-0.2883,
-0.2860,
-0.2834,
-0.2910,
-0.2856,
-0.2941,
-0.2683,
-0.2900,
-0.2873,
-0.2964,
-0.2838,
-0.2976,
-0.2891,
-0.2844,
-0.2893,
-0.3005,
-0.2857,
-0.3026,
-0.2905,
-0.2710,
-0.2950,
-0.2969,
-0.3029,
-0.2904,
-0.2995,
0.7279,
-0.2982,
0.7076,
0.6922,
-0.2827,
0.6997,
-0.2915,
-0.3035,
0.7172,
-0.3069,
0.6941,
0.7052,
0.6841,
0.7001,
0.0000,
0.6954,
0.0000,
0.7310,
0.7056,
0.7199,
0.6963,
0.7070,
0.7036,
0.7266,
0.7228,
0.7088,
0.7272,
0.7146,
0.7116,
0.7228,
0.7371,
0.7233,
0.7236,
0.7325,
0.7354,
0.7185,
0.7407,
0.7221,
0.7377,
0.7533,
0.7658,
0.7508,
0.7309,
1.2014,
0.7288,
1.2134,
1.1954,
1.2066,
0.2297,
0.2557,
0.0000,
0.2445,
0.2312,
0.2420,
0.2410,
0.0000,
0.2148,
0.0000,
0.2530,
0.2216,
0.0000,
-0.2822,
0.0000,
0.0000,
-0.3044,
-0.2810,
-0.2879,
-0.2754,
-0.2953,
-0.2917,
-0.2895,
0.7308,
-0.2875,
0.7240,
0.7559,
0.7002,
-0.3327,
-0.3410,
-0.2461,
-0.3498,
-0.2256,
-0.3309,
-0.3300,
-0.2769,
-0.3243,
-0.3283,
-0.3359,
-0.3181,
-0.3240,
-0.3102,
-0.3159,
-0.2837,
-0.3396,
-0.2919,
-0.3001,
-0.2984,
-0.2917,
-0.3163,
-0.3241,
-0.2879,
-0.3188,
-0.3083,
-0.3050,
-0.3347,
-0.3095,
-0.3091,
-0.3037,
-0.3026,
-0.3045,
-0.3160,
0.6676,
0.6999,
-0.2828,
0.6999,
-0.3131,
-0.3097,
0.6997,
-0.3111,
0.6751,
0.6642,
-0.2996,
0.6628,
0.6724,
0.6860,
0.6677,
0.6931,
0.6749,
0.6990,
0.6809,
0.7206,
0.6856,
0.6706,
0.6948,
0.6663,
0.7071,
0.6929,
0.6648,
0.6974,
0.7011,
0.7161,
0.6948,
0.6918,
0.7066,
0.6923,
0.7031,
0.6939,
0.7093,
0.6953,
0.6704,
0.7015,
0.6671,
0.6450,
0.6996,
0.6437,
0.7141,
0.6966,
0.6549,
0.6414,
0.6325,
0.6421,
0.6195,
0.6317,
0.6558,
0.6531,
0.6202,
0.6667,
0.6258,
0.6339,
0.6386,
0.6443,
0.6494,
0.6333,
0.6896,
-0.2556,
-0.2724,
-0.2725,
-0.2495,
-0.2711,
-0.2966,
-0.2567,
-0.2564,
-0.2606,
-0.2717,
-0.2461,
-0.2735,
-0.2614,
-0.2572,
-0.2647,
-0.2630,
0.7382,
-0.2457,
-0.2522,
0.4793,
-0.2211,
-0.2367,
-0.2329,
-0.2286,
-0.1878,
-0.2237,
-0.2291,
-0.2420,
-0.2410,
-0.2491,
-0.2547,
-0.7152,
-0.7146,
-0.7139,
-0.6971,
-0.6998,
-0.6979,
-0.7331,
-0.7197,
-0.7238,
-0.7275,
-0.7077,
-0.5895,
-0.7178,
-0.7218,
-0.7196,
-0.6037,
-0.7210,
-0.7194,
-0.7242,
-0.7205,
-0.7124,
-0.7153,
-0.7200,
-0.7110,
-0.7339,
-0.7155,
-0.3045,
-0.3022,
-0.2802,
-0.3058,
-0.2798,
-0.2951,
-0.3055,
-0.3064,
-0.2874,
-0.2994,
-0.3243,
-0.2825,
-0.3090,
-0.2852,
-0.2710,
-0.2888,
-0.3045,
-0.2837,
-0.2810,
-0.2800,
-0.2975,
-0.3002,
-0.2860,
-0.2868,
-0.2956,
-0.2876,
-0.2785,
-0.2839,
-0.2872,
-0.2711,
-0.2828,
-0.2906,
-0.2823,
-0.2813,
-0.2717,
0.7299,
-0.2849,
0.7286,
0.7259,
-0.2889,
0.7276,
-0.2916,
-0.2873,
0.7232,
0.7453,
0.7256,
0.7141,
0.7065,
0.7092,
0.6831,
0.7350,
0.7073,
0.7319,
0.7220,
0.7319,
0.7188,
0.7273,
0.7212,
0.6928,
0.7065,
0.6992,
0.6991,
0.7044,
0.7015,
0.7044,
0.7313,
0.7284,
0.7618,
0.7420,
1.1777,
1.1934,
1.1984,
1.2013,
0.7188,
0.7344,
1.2086,
0.7287,
0.7350,
0.7699,
0.7318,
0.7552,
0.7616,
0.7515,
0.7759,
0.7090,
0.7602,
0.7763,
0.7768,
0.7727,
0.7888,
0.7687,
0.7570,
0.7662,
1.2128,
1.1998,
0.7639,
1.2109,
1.1902,
1.2144,
0.2676,
0.2341,
0.2281,
0.2092,
0.2132,
0.2224,
0.2184,
0.2513,
0.2468,
0.2233,
0.2213,
0.2089,
0.2278,
0.2453,
0.2537,
-0.2712,
0.2642,
-0.2938,
-0.2797,
-0.2734,
-0.2772,
-0.2674,
-0.2793,
-0.2882,
-0.2819,
-0.2830,
-0.2773,
-0.3019,
-0.2827,
-0.2869,
-0.2923,
0.7406,
-0.2877,
0.7240,
0.7386,
0.7187,
-0.1973,
0.7188,
-0.2321,
-0.2245,
-0.2618,
-0.2495,
-0.2165,
-0.2395,
-0.2403,
-0.2266,
-0.3097,
-0.2315,
-0.2439,
-0.2555,
0.0000,
-0.2440,
-0.3279,
-0.3429,
-0.3276,
-0.3168,
0.7331,
-0.3186,
0.7275,
0.7183,
0.7351,
0.7201,
-0.3121,
-0.2728,
-0.3208,
-0.2712,
-0.3042,
-0.3229,
-0.3286,
-0.3144,
-0.3103,
-0.3072,
-0.3092,
-0.2969,
-0.2912,
-0.2944,
-0.2987,
-0.3071,
-0.2950,
-0.3077,
-0.3184,
-0.3047,
-0.3169,
-0.2930,
-0.3078,
-0.2915,
-0.2827,
0.7016,
-0.2923,
0.7138,
-0.2992,
-0.2840,
0.7081,
-0.3162,
0.7034,
0.7113,
-0.3172,
0.7184,
0.7003,
0.6967,
0.7056,
0.7111,
0.7082,
0.7120,
0.7055,
0.7213,
0.6951,
0.6998,
0.6839,
0.7014,
0.7116,
0.6928,
0.6837,
0.6989,
0.6644,
0.6755,
0.6814,
0.6812,
0.6887,
0.6703,
0.6810,
0.6781,
0.6735,
0.6691,
0.6353,
0.6959,
0.6580,
0.6484,
0.6638,
0.6572,
0.6435,
-0.3080,
-0.2598,
-0.2568,
-0.2666,
-0.2668,
-0.2633,
-0.2581,
-0.2606,
-0.2626,
-0.2521,
0.7253,
-0.2477,
-0.2622,
-0.2482,
0.6096,
-0.2253,
-0.2477,
-0.1916,
-0.1957,
-0.1882,
-0.2251,
-0.2386,
-0.2442,
-0.2484,
-0.2534,
-0.2469,
1.1673,
-0.7112,
-0.6984,
-0.6947,
-0.7365,
-0.7131,
-0.7224,
-0.7185,
-0.7275,
-0.7273,
-0.6107,
-0.7149,
-0.5970,
-0.7171,
-0.7136,
-0.7187,
-0.7060,
-0.7165,
-0.7114,
-0.7277,
-0.3556,
-0.3501,
-0.3340,
-0.3261,
-0.3319,
-0.3203,
-0.3244,
-0.3071,
-0.2889,
-0.2933,
-0.3080,
-0.3031,
-0.3020,
-0.2802,
0.7098,
-0.2993,
-0.2849,
0.7417,
-0.2945,
0.7263,
0.7239,
-0.2901,
0.7201,
-0.2816,
0.7115,
0.7042,
0.6968,
0.7029,
0.7123,
0.6968,
0.7177,
0.7095,
0.6827,
0.7176,
0.7210,
0.7257,
0.7044,
0.7262,
0.7358,
0.7233,
0.7232,
0.7424,
0.7170,
0.7210,
0.7325,
0.6976,
0.7651,
0.7068,
0.7003,
0.7293,
0.7120,
0.7411,
0.7388,
0.6931,
0.7132,
0.7239,
0.7631,
0.7605,
0.7612,
0.7576,
1.1621,
0.7350,
1.1610,
0.7423,
0.7589,
0.0000,
0.7618,
1.1873,
1.1838,
0.7492,
1.2008,
1.1946,
1.1780,
1.1854,
1.2090,
1.1980,
1.2128,
1.2007,
1.2029,
1.2060,
1.2056,
1.2000,
1.2176,
1.2053,
1.1978,
1.2038,
1.2085,
1.2000,
1.1966,
1.1940,
1.2298,
1.1984,
1.2080,
1.2013,
1.2220,
1.1986,
1.1976,
0.2341,
0.2132,
0.2189,
0.2210,
0.2419,
0.2386,
0.2369,
0.2361,
0.2234,
0.2107,
0.2243,
0.2233,
0.2457,
1.2314,
0.2254,
0.2229,
1.2319,
0.2368,
1.2219,
1.2372,
0.2282,
0.2574,
-0.2792,
-0.2772,
0.2698,
-0.3143,
0.2617,
-0.3037,
-0.2829,
-0.2931,
-0.2816,
-0.2791,
-0.2889,
-0.3036,
-0.3051,
-0.3080,
-0.2891,
-0.2796,
-0.2847,
0.7190,
-0.2850,
0.7257,
0.7146,
0.7295,
0.7251,
0.7294,
0.7065,
0.7214,
0.7451,
0.7294,
0.7248,
0.7491,
0.7322,
0.7360,
0.7414,
0.7367,
0.7444,
0.7547,
0.7423,
0.7318,
0.7308,
0.7269,
0.7122,
0.7167,
0.7314,
0.7323,
0.7182,
0.7198,
-0.3372,
0.7155,
-0.3141,
-0.3245,
0.7040,
-0.3025,
0.7315,
0.7188,
-0.3325,
-0.3194,
-0.3417,
-0.3084,
-0.3245,
-0.3131,
-0.3281,
-0.3302,
-0.3140,
-0.3272,
-0.3034,
-0.3046,
-0.3271,
-0.2961,
-0.3210,
-0.2827,
-0.2770,
-0.3123,
-0.3129,
-0.2929,
-0.2939,
-0.3078,
-0.3079,
-0.3077,
-0.3129,
-0.2988,
-0.2872,
-0.3000,
-0.3156,
-0.3087,
-0.3045,
-0.3029,
-0.3003,
-0.3173,
-0.3086,
-0.3152,
-0.3014,
0.6911,
-0.2824,
-0.2794,
0.6748,
-0.2901,
0.6634,
0.6740,
-0.2800,
0.6741,
-0.2802,
0.6545,
0.6669,
0.6469,
0.6687,
0.6616,
0.6782,
0.6712,
0.6637,
0.6446,
0.6671,
0.6629,
0.6736,
0.6589,
0.6565,
-0.2479,
-0.2640,
-0.2491,
-0.2988,
-0.3069,
-0.2499,
-0.2474,
0.6165,
-0.2584,
0.5192,
-0.1990,
-0.2502,
-0.1890,
-0.1990,
-0.1669,
-0.1834,
-0.2310,
-0.2312,
-0.2461,
-0.2357,
-0.7156,
-0.7023,
-0.7058,
-0.6925,
-0.7339,
-0.7383,
-0.7226,
-0.7312,
-0.7178,
-0.7294,
-0.5987,
-0.6162,
-0.6073,
-0.6159,
-0.6107,
-0.3221,
-0.3068,
-0.3098,
-0.3039,
-0.2990,
-0.3432,
-0.3429,
-0.3562,
-0.3319,
-0.3283,
0.7252,
0.7247,
0.6986,
0.6975,
0.0000,
0.7157,
0.7011,
0.7127,
0.7092,
0.7251,
0.7309,
0.7490,
0.7379,
0.7325,
0.7308,
0.7423,
0.7437,
0.7293,
0.6884,
0.7158,
0.7148,
0.7010,
0.7010,
-0.7532,
-0.7070,
0.7322,
-0.7173,
0.7020,
0.7259,
-0.6908,
0.7045,
-0.7086,
-0.6951,
0.7163,
-0.6541,
0.7499,
0.7616,
-0.6565,
0.7195,
-0.7369,
1.2180,
1.2157,
1.2391,
1.2240,
1.2307,
1.2448,
1.2288,
1.2609,
1.2235,
1.1966,
1.2092,
1.2466,
1.2437,
1.2150,
1.1657,
1.1823,
1.1793,
1.1824,
1.1917,
1.1644,
1.1739,
1.2088,
1.1764,
1.1920,
1.2197,
1.1970,
1.2002,
1.1829,
1.1959,
1.1977,
1.1800,
1.2251,
1.1901,
1.1874,
1.2090,
1.2089,
1.1905,
1.2081,
1.2066,
1.2125,
0.2642,
1.2031,
0.2557,
1.1920,
0.2471,
0.2415,
0.2400,
0.2496,
0.2265,
0.2238,
0.2581,
0.2279,
0.2339,
0.2280,
0.2269,
0.2332,
0.2268,
0.2568,
1.2309,
1.2380,
1.2476,
1.2381,
1.2242,
1.2297,
1.2607,
1.2515,
1.2507,
1.2330,
0.2298,
1.2559,
0.2580,
0.2555,
0.2619,
0.2634,
0.2448,
0.2420,
0.2484,
0.2481,
0.2555,
0.2729,
-0.2664,
-0.2940,
-0.2767,
-0.2951,
-0.2998,
-0.2778,
-0.2892,
-0.2799,
-0.2829,
-0.2762,
-0.2774,
-0.2815,
-0.2728,
-0.2918,
0.7076,
-0.2803,
-0.3049,
0.7268,
0.7364,
0.7446,
0.7285,
0.7296,
0.7480,
0.7389,
0.7371,
0.7355,
0.7338,
0.7456,
0.7511,
0.7257,
0.7306,
0.7185,
0.7118,
0.7275,
0.7478,
0.7180,
0.7421,
0.7224,
0.7289,
0.7280,
0.7158,
0.7173,
0.7111,
0.7402,
0.7100,
0.7209,
0.7170,
0.7220,
0.7245,
0.7249,
0.7118,
0.7116,
0.7274,
0.7220,
0.7260,
0.7109,
0.6991,
0.7327,
0.2159,
-0.3222,
-0.3175,
0.2037,
-0.3274,
0.3039,
0.2317,
-0.3029,
0.2372,
-0.3100,
-0.2998,
0.2552,
-0.3054,
0.2015,
0.2142,
-0.3299,
0.2163,
-0.3110,
-0.3140,
-0.3100,
-0.2989,
-0.3015,
-0.3093,
-0.2865,
-0.2849,
-0.2885,
-0.2850,
-0.2789,
-0.2728,
-0.2683,
-0.2873,
-0.2819,
-0.3071,
-0.2847,
-0.3056,
-0.3050,
-0.2952,
-0.3360,
-0.3353,
-0.3397,
0.6589,
0.6611,
0.6651,
0.6435,
0.6555,
0.6361,
0.6371,
0.6466,
0.6299,
0.6567,
0.7249,
0.7185,
0.4783,
0.5134,
0.5526,
-0.1974,
-0.2550,
-0.1799,
-0.2002,
-0.1750,
-0.1911,
-0.2183,
-0.2327,
-0.2540,
-0.2473,
-0.7091,
-0.7167,
-0.6907,
-0.7053,
-0.7306,
-0.7212,
-0.7205,
-0.7233,
-0.7120,
-0.7239,
-0.7257,
-0.6165,
-0.6159,
-0.6084,
-0.5966,
-0.6004,
-0.3043,
-0.3003,
-0.3011,
0.7302,
0.7193,
0.7077,
0.7178,
0.7326,
0.7292,
0.7178,
0.7233,
0.7168,
0.7078,
0.7242,
0.7106,
-0.7077,
-0.6969,
-0.7052,
-0.6899,
-0.6841,
-0.6967,
-0.6823,
-0.6799,
-0.7098,
-0.7278,
-0.7274,
-0.7540,
-0.7510,
-0.7538,
-0.7369,
-0.7567,
-0.7311,
-0.7398,
-0.6374,
-0.6856,
-0.6840,
-0.6719,
-0.6911,
-0.7292,
-0.7364,
-0.6403,
-0.6570,
-0.7162,
-0.7408,
-0.7307,
-0.7191,
1.2323,
1.2298,
1.2403,
1.2389,
1.2296,
1.2305,
1.2361,
1.2476,
1.2195,
1.2136,
1.2276,
1.2022,
1.2248,
1.2272,
1.1898,
1.1715,
1.1917,
1.1865,
1.1864,
1.2005,
1.1892,
1.2000,
1.2044,
1.2070,
1.1949,
1.2054,
1.1931,
1.1840,
1.1953,
1.2107,
1.1891,
1.2076,
1.1972,
1.2030,
1.2113,
1.1976,
0.2173,
1.2206,
0.2311,
0.2500,
0.2393,
0.2581,
0.2464,
0.2535,
0.2586,
0.2528,
0.2527,
0.2687,
0.2439,
0.2116,
0.2255,
0.2246,
0.2138,
0.2239,
0.2102,
0.2326,
0.2207,
0.2311,
1.2230,
1.2356,
1.2632,
1.2469,
1.2277,
1.2155,
1.2326,
1.2380,
1.2452,
1.2275,
1.2404,
0.2550,
0.2598,
0.2527,
0.2812,
0.2709,
0.2309,
0.2569,
0.2314,
0.2393,
0.2465,
0.2574,
-0.2705,
-0.2728,
-0.2846,
-0.2899,
-0.2961,
-0.2824,
-0.2933,
-0.2886,
-0.2807,
-0.2797,
-0.2835,
-0.2945,
-0.2690,
-0.2807,
-0.2698,
-0.2945,
-0.2891,
-0.2701,
-0.2738,
-0.2917,
-0.2834,
0.7317,
0.7173,
0.7320,
0.7065,
0.7030,
0.7147,
0.7330,
0.7184,
0.7179,
0.7317,
0.7185,
0.7386,
0.7092,
0.7192,
0.7216,
0.7247,
0.7336,
0.7286,
0.7211,
0.7077,
0.6894,
0.7029,
0.7026,
0.7257,
0.7208,
0.7382,
0.7151,
0.7191,
0.7316,
0.7374,
0.7260,
0.7178,
0.7147,
0.7269,
0.7407,
0.0000,
0.7193,
0.2081,
0.2118,
0.2245,
0.2076,
0.2978,
0.3134,
0.2506,
0.2118,
0.2681,
0.2537,
0.2602,
0.2563,
0.2963,
0.2916,
0.2223,
0.2211,
0.2143,
0.2216,
0.1983,
0.2089,
0.2231,
0.2201,
0.2504,
0.1923,
0.2518,
0.2342,
0.2303,
0.2598,
0.2429,
0.2346,
-0.3013,
0.2556,
-0.3107,
-0.3222,
-0.3349,
-0.3447,
-0.3274,
-0.3398,
-0.3378,
-0.3352,
-0.3477,
-0.2755,
-0.2852,
0.6529,
0.6343,
0.6440,
0.7271,
0.7172,
0.7204,
0.6582,
0.5929,
-0.2572,
-0.1992,
-0.2458,
-0.1984,
-0.1891,
-0.1856,
-0.1882,
-0.2280,
-0.2401,
-0.2406,
-0.2556,
-0.7152,
-0.7105,
-0.7061,
-0.6988,
-0.6999,
-0.7183,
-0.7215,
-0.7321,
-0.7120,
-0.7278,
-0.7149,
-0.5975,
-0.6140,
-0.6071,
-0.7564,
0.7234,
0.7315,
0.7293,
0.7336,
0.7266,
0.7340,
0.7201,
0.7244,
0.7140,
0.7450,
0.7468,
0.7530,
0.7499,
0.7449,
0.7342,
-0.5629,
-0.5505,
-0.5411,
-0.5464,
-0.5422,
-0.5637,
-0.5483,
-0.5565,
-0.5562,
-0.5803,
-0.5848,
-0.7173,
-0.5924,
-0.7121,
-0.7427,
-0.6748,
-0.6418,
-0.6963,
-0.6969,
-0.6958,
-0.7148,
-0.7266,
-0.7186,
-0.6519,
-0.6613,
-0.7406,
-0.7358,
-0.7579,
-0.7333,
-0.7365,
1.2431,
-0.5789,
1.2385,
1.2361,
-0.5687,
1.2351,
-0.5548,
-0.6043,
1.2477,
-0.5622,
1.2043,
1.1568,
-0.5442,
1.1783,
-0.5579,
1.1855,
1.1923,
1.1834,
1.1944,
1.1816,
1.1916,
1.1944,
1.1909,
1.1940,
1.1865,
1.1840,
1.2057,
1.1963,
1.2028,
1.2031,
0.2260,
0.2218,
0.2310,
0.2288,
0.2359,
0.2433,
0.2371,
0.2468,
0.2601,
0.2356,
0.2340,
0.2212,
0.2328,
0.2504,
1.2388,
0.3204,
1.2829,
1.2140,
0.2703,
1.2083,
0.2102,
0.2347,
1.2167,
0.2129,
1.2486,
1.2180,
0.2573,
1.2085,
1.2208,
1.2719,
1.2545,
1.2652,
1.2219,
1.2449,
1.2637,
1.2314,
1.2409,
0.2510,
1.2478,
0.2470,
0.2291,
0.2456,
0.2746,
0.2302,
0.7659,
0.2571,
0.2553,
0.2404,
0.2755,
0.2407,
-0.2608,
0.2620,
-0.2986,
-0.3100,
0.2163,
-0.2815,
0.2130,
0.2000,
-0.2501,
0.2668,
-0.2129,
-0.2837,
0.2356,
-0.3024,
-0.2844,
-0.2931,
-0.2940,
-0.2795,
-0.2863,
-0.2798,
-0.2873,
-0.2938,
-0.2697,
-0.2835,
-0.2658,
-0.2790,
0.7178,
0.7453,
0.7208,
0.7297,
0.7315,
0.7316,
0.7292,
0.7266,
0.7186,
0.7247,
0.7135,
0.7014,
0.7272,
0.7200,
0.7148,
1.2542,
0.7060,
0.7296,
1.2619,
0.7128,
1.2470,
1.2769,
0.7013,
1.2461,
0.7385,
0.7292,
1.2160,
0.7142,
1.2161,
0.2117,
0.7188,
0.1949,
0.2057,
0.2198,
0.2175,
0.2944,
0.3000,
0.2109,
0.1760,
0.2411,
0.2357,
0.2521,
0.2483,
0.2980,
0.2513,
0.2201,
0.2073,
1.2459,
0.2446,
1.2534,
1.2432,
1.2454,
1.2783,
1.2510,
1.2519,
1.2533,
1.2686,
1.2565,
1.2402,
1.2767,
-0.2531,
-0.2737,
-0.2679,
-0.2667,
-0.2704,
-0.2760,
-0.3349,
-0.3365,
-0.2831,
-0.2854,
-0.2864,
-0.2740,
-0.2691,
-0.2865,
-0.2860,
0.2372,
0.7259,
0.6284,
0.6036,
-0.2547,
-0.2612,
-0.2672,
-0.2195,
-0.1804,
-0.1844,
-0.1781,
-0.2285,
-0.2346,
-0.2487,
-0.2419,
-0.7183,
-0.7117,
-0.6986,
-0.7291,
-0.7171,
-0.7398,
-0.7270,
-0.7086,
-0.7481,
-0.7652,
-0.7673,
-0.7513,
-0.7452,
-0.7545,
0.7407,
0.7249,
0.7236,
0.7358,
0.7387,
0.7451,
0.7302,
0.7410,
0.7267,
0.7391,
0.7347,
0.7275,
0.7301,
0.7236,
0.7244,
0.7289,
-0.5591,
-0.5454,
-0.5469,
-0.5576,
-0.5701,
-0.5565,
-0.5513,
-0.5618,
-0.5537,
-0.5847,
-0.5127,
-0.5303,
-0.4979,
-0.5144,
-0.5165,
-0.5712,
-0.5774,
-0.5483,
-0.5573,
-0.5533,
-0.5633,
-0.5775,
-0.5579,
-0.5643,
-0.5606,
-0.5668,
-0.5582,
-0.5751,
-0.5118,
-0.5254,
-0.5789,
-0.5090,
-0.5743,
-0.5821,
-0.5403,
-0.5691,
-0.4930,
0.0000,
-0.5338,
0.0000,
1.1860,
1.1667,
0.0000,
1.1868,
1.1903,
1.2005,
1.1838,
1.1936,
1.1761,
1.1909,
1.1835,
1.2103,
0.2142,
0.2457,
0.2260,
0.2305,
0.2178,
0.2223,
0.2148,
0.2238,
0.2207,
0.2586,
0.2172,
0.2749,
0.2220,
0.2619,
0.2808,
0.2737,
0.2187,
1.2323,
1.2613,
1.2588,
1.2375,
1.2554,
1.2628,
1.2275,
1.2290,
1.2301,
1.2218,
1.2750,
1.2503,
1.2128,
1.2245,
1.2654,
1.2550,
1.2619,
1.2531,
1.2072,
1.2116,
1.2279,
1.2353,
1.1952,
1.2299,
1.2464,
0.2422,
0.2296,
0.2067,
0.2529,
0.2532,
0.2455,
0.2371,
0.2884,
0.2625,
0.2822,
0.2791,
0.2549,
0.2445,
0.2751,
0.2848,
0.2134,
0.2261,
0.1995,
0.2147,
0.2899,
0.2534,
0.2695,
0.2797,
0.2631,
0.2640,
-0.3022,
-0.2888,
-0.2863,
-0.2704,
-0.2722,
-0.2861,
-0.2987,
-0.2903,
-0.2835,
-0.2920,
-0.2748,
-0.2957,
-0.2748,
-0.2880,
-0.2615,
-0.2753,
-0.3002,
0.7105,
0.7132,
0.7286,
0.7165,
0.7067,
0.7045,
0.7252,
0.7247,
0.7205,
0.7109,
0.7245,
0.7123,
0.7361,
0.7264,
1.2236,
1.2307,
1.2166,
1.2692,
1.2292,
1.2522,
1.2421,
1.2269,
1.2661,
1.2271,
1.2656,
1.2700,
1.1791,
1.2501,
1.1859,
1.1908,
1.2496,
1.1820,
1.2452,
1.2629,
1.2004,
1.1966,
1.2167,
1.2225,
1.2206,
1.2190,
1.2215,
1.2695,
1.2074,
1.2802,
1.2521,
1.2532,
1.2675,
1.2515,
1.2709,
1.2499,
1.2475,
1.2603,
-0.2866,
-0.2843,
-0.2804,
-0.2786,
-0.2730,
-0.2783,
-0.2719,
-0.2591,
-0.2633,
-0.0300,
-0.2717,
-0.2687,
-0.2640,
-0.2660,
-0.2792,
-0.2744,
0.2286,
0.2186,
0.2352,
0.2069,
0.2642,
0.2534,
-0.2572,
-0.2593,
-0.1876,
-0.1885,
-0.1855,
-0.2473,
-0.2330,
-0.2554,
-0.7116,
-0.7707,
-0.7682,
-0.7699,
-0.7575,
-0.7526,
-0.7511,
-0.7624,
-0.7609,
-0.7625,
-0.7703,
-0.7381,
-0.7624,
-0.7598,
-0.7589,
-0.7158,
-0.7092,
0.7267,
0.7450,
0.7393,
0.7388,
0.7456,
0.7334,
0.7326,
0.7412,
0.7374,
0.7337,
0.7275,
0.7367,
0.7283,
0.7341,
-0.5547,
-0.5547,
-0.5599,
-0.5654,
-0.5590,
-0.5158,
-0.5253,
-0.5133,
-0.5070,
-0.5166,
-0.5182,
-0.5650,
-0.5649,
-0.5631,
-0.5720,
-0.5651,
-0.5648,
-0.5556,
-0.5543,
-0.5621,
-0.5658,
-0.5600,
-0.5664,
-0.5838,
-0.5558,
-0.5597,
-0.5973,
-0.5741,
1.1510,
1.1698,
1.1539,
1.1630,
1.1600,
0.0000,
1.1749,
0.0000,
1.1789,
1.1789,
1.1822,
1.1484,
1.1648,
1.1863,
0.2442,
1.1917,
0.0000,
0.2225,
0.2164,
0.2128,
0.2302,
0.2254,
0.2342,
0.2239,
0.2111,
0.2122,
0.2223,
0.2417,
0.2278,
0.2405,
0.2406,
0.2694,
0.2660,
0.2722,
0.2770,
0.2260,
0.2264,
1.2641,
1.2431,
1.2301,
1.2354,
1.2444,
1.2541,
1.2089,
1.2240,
1.2229,
1.2360,
1.2296,
1.2367,
1.2556,
1.2458,
1.2624,
1.2509,
1.2266,
1.2307,
1.2333,
1.2311,
1.2276,
1.2337,
1.2156,
1.2232,
0.2543,
1.2490,
0.2411,
0.2264,
0.2285,
0.2667,
0.2407,
0.2449,
0.2327,
0.2399,
0.2803,
0.2736,
0.2621,
0.2633,
0.2144,
0.2230,
0.2300,
0.2271,
0.2144,
0.1961,
0.2649,
0.2602,
0.2686,
0.2547,
0.2604,
0.2239,
-0.2898,
-0.2887,
-0.3045,
-0.2783,
-0.3103,
-0.2840,
-0.2740,
-0.2883,
-0.2867,
-0.2842,
-0.2776,
-0.2717,
-0.2925,
-0.2864,
-0.2821,
-0.2778,
-0.2796,
-0.2903,
-0.2813,
-0.2986,
-0.2609,
0.7218,
0.7318,
-0.2762,
0.7405,
0.7462,
0.7196,
0.7594,
0.7152,
0.7547,
0.7447,
0.7256,
0.7212,
0.7205,
0.7131,
0.7294,
0.7442,
1.1988,
1.2032,
1.2722,
1.2295,
1.1838,
1.2040,
1.2159,
1.2016,
1.2053,
1.1976,
1.2185,
1.2061,
1.1943,
1.2136,
1.2082,
1.2100,
1.2103,
1.2341,
1.2348,
1.2136,
1.2140,
1.2425,
1.2402,
1.2482,
1.2632,
1.2457,
1.2521,
1.2511,
-0.2697,
-0.2721,
-0.2734,
-0.2656,
-0.2728,
-0.2728,
-0.2701,
-0.2673,
-0.2767,
-0.2755,
-0.2666,
-0.2809,
-0.2654,
-0.2901,
0.2266,
0.2038,
0.2263,
0.2363,
0.2314,
0.2424,
0.2083,
0.2570,
0.2383,
0.2143,
0.2245,
0.2553,
0.2481,
0.2462,
0.2434,
0.2386,
-0.2466,
-0.7682,
-0.7698,
-0.7612,
-0.7487,
-0.7695,
-0.7617,
-0.7555,
-0.7487,
-0.7505,
-0.7743,
-0.7355,
-0.7452,
-0.7676,
-0.7622,
-0.7152,
-0.7066,
-0.7090,
-0.7645,
-0.7170,
-0.7174,
-0.7083,
-0.7078,
-0.7102,
-0.7120,
-0.7101,
-0.7300,
-0.7256,
-0.7238,
-0.7194,
-0.7222,
-0.7299,
-0.5776,
-0.5134,
1.1591,
-0.5155,
1.1625,
1.1641,
-0.5067,
1.1402,
-0.5774,
-0.5595,
1.1563,
-0.5329,
0.0000,
1.1383,
-0.5499,
1.1708,
-0.5337,
-0.5349,
1.1624,
1.1592,
1.1783,
1.1773,
1.1557,
1.1512,
1.1936,
1.1659,
1.1607,
1.1535,
1.1710,
1.1634,
1.1699,
1.1581,
1.1820,
1.1731,
0.2548,
0.0000,
0.2636,
0.2609,
0.0000,
0.2457,
0.0000,
0.0000,
0.2655,
0.2626,
0.2802,
0.2610,
0.2478,
0.2108,
0.2746,
0.2739,
0.2258,
0.2501,
1.2897,
1.3020,
0.2520,
0.2335,
0.2530,
0.2338,
0.2438,
0.2272,
0.2133,
0.2287,
0.2333,
0.2383,
0.2297,
1.2543,
1.2625,
1.2395,
1.2303,
1.2551,
1.2315,
1.2644,
0.2425,
1.2137,
1.2343,
1.2147,
1.2208,
1.2287,
1.2241,
0.2272,
0.2242,
1.2474,
1.2438,
1.2290,
1.2362,
1.2273,
0.2428,
0.2589,
0.2438,
0.2517,
0.2752,
-0.2714,
-0.2788,
0.2423,
0.2542,
0.2429,
0.2399,
0.2437,
0.2595,
-0.2796,
0.2575,
0.2348,
0.2201,
0.2484,
0.2394,
0.2290,
0.2400,
-0.2660,
-0.2776,
-0.2681,
-0.2802,
-0.2912,
-0.2442,
-0.2504,
-0.2508,
-0.2873,
-0.2866,
0.8305,
-0.2819,
0.8122,
-0.2765,
-0.2765,
-0.2815,
-0.2796,
-0.2841,
-0.2840,
-0.2706,
-0.2751,
-0.2792,
-0.2864,
-0.2935,
-0.2908,
-0.2847,
-0.2545,
-0.3125,
-0.2582,
-0.2798,
0.7559,
-0.2665,
0.7331,
0.7259,
0.7585,
0.7465,
0.7353,
0.7480,
0.7351,
0.7404,
0.7329,
0.7177,
0.7426,
0.7485,
0.7235,
0.7428,
1.3024,
0.7180,
1.3079,
0.7517,
0.7399,
1.2776,
0.7549,
1.2939,
1.2830,
0.7513,
1.2064,
0.7457,
0.7218,
1.2372,
0.7379,
1.2312,
1.2150,
0.7223,
1.2455,
0.2132,
0.2081,
0.2031,
0.2202,
0.2092,
0.2111,
0.2085,
0.2230,
0.2391,
0.2295,
0.2172,
0.2120,
0.2136,
0.2365,
0.2230,
0.2173,
0.2149,
0.2329,
0.2228,
0.2235,
0.2221,
0.2562,
0.2649,
0.2390,
0.2275,
0.2177,
0.2521,
0.2644,
0.2370,
0.2444,
0.2313,
-0.7782,
-0.7563,
-0.7604,
-0.7752,
-0.7546,
-0.7353,
-0.7683,
-0.7585,
-0.7662,
-0.7486,
-0.7444,
-0.7556,
-0.7047,
-0.7001,
-0.7080,
-0.7050,
-0.7493,
-0.7125,
-0.7197,
-0.7109,
-0.7090,
-0.7004,
-0.7089,
-0.7059,
-0.7058,
-0.7141,
-0.7081,
-0.7132,
-0.7115,
-0.7094,
-0.7190,
1.2196,
1.1506,
1.2331,
1.1538,
1.2158,
1.2230,
1.1807,
1.2347,
1.1582,
1.1555,
1.2133,
1.1727,
1.2250,
1.1686,
1.1736,
1.1624,
1.1540,
1.1714,
1.1720,
1.1804,
1.1519,
1.1650,
1.1610,
0.2626,
1.1841,
1.1667,
0.2579,
0.2555,
0.2660,
0.2349,
0.2413,
0.2595,
0.2423,
0.2652,
0.2586,
0.2712,
0.2702,
0.2244,
0.2378,
0.2179,
0.2703,
0.2570,
0.2005,
0.2666,
0.2295,
0.2272,
0.2702,
0.2230,
0.2222,
0.2112,
0.2296,
0.2156,
0.2242,
1.2511,
1.2536,
1.2566,
1.2590,
1.2376,
1.2663,
1.2339,
1.2369,
1.2572,
1.2280,
1.2521,
1.2467,
1.2465,
1.2343,
1.2482,
1.2331,
1.2438,
1.2123,
1.2437,
1.2430,
1.2311,
1.2262,
1.2291,
1.2216,
1.2469,
1.2518,
1.2376,
1.2415,
0.2458,
1.2333,
0.2536,
0.2409,
0.2443,
0.2580,
0.2268,
0.2489,
0.2415,
0.2301,
0.2509,
0.2321,
0.2691,
0.2514,
0.2433,
0.2531,
0.2412,
0.2538,
0.2427,
0.2490,
0.2477,
0.2367,
0.2383,
0.2381,
0.2462,
0.2508,
0.2622,
0.2752,
0.2640,
0.2685,
-0.3018,
-0.2912,
-0.2892,
-0.2791,
-0.3026,
-0.2819,
-0.2988,
-0.2838,
-0.2850,
-0.2749,
-0.2856,
-0.2921,
-0.2761,
-0.2977,
-0.3036,
-0.2895,
-0.2816,
-0.2907,
-0.2714,
-0.2698,
-0.2844,
-0.2799,
-0.2774,
-0.2825,
-0.2898,
-0.2717,
0.7457,
-0.2745,
0.7578,
-0.2753,
0.7133,
0.7222,
0.7211,
0.7343,
0.7322,
0.7178,
0.7243,
0.7173,
0.7249,
0.7128,
0.7271,
0.7314,
0.7244,
0.7382,
0.7263,
0.7330,
0.7182,
0.7240,
0.7237,
0.7275,
0.7134,
0.7300,
0.7200,
0.2305,
0.2415,
0.2389,
0.2431,
0.2321,
0.2372,
0.2353,
0.2277,
0.2247,
0.2277,
0.2279,
0.2166,
0.2192,
0.2073,
0.2330,
0.2193,
0.2146,
0.2304,
0.2275,
0.2326,
0.2329,
0.2106,
0.2594,
0.2775,
0.2428,
0.2159,
0.2149,
0.2662,
0.2553,
0.2446,
0.2398,
-0.7747,
-0.7528,
-0.7479,
-0.7623,
-0.7530,
-0.7579,
-0.7652,
-0.7524,
-0.7670,
-0.7736,
-0.7449,
-0.7327,
-0.7423,
-0.7479,
-0.7064,
-0.6985,
-0.7566,
-0.7118,
-0.7063,
-0.7152,
-0.7126,
-0.7182,
-0.7005,
-0.7108,
-0.7013,
-0.7139,
-0.7048,
-0.7114,
-0.6982,
-0.7042,
-0.7058,
-0.7188,
1.2270,
1.2100,
1.2329,
1.2215,
1.2412,
1.2175,
1.2406,
1.2106,
1.2189,
1.2262,
1.2280,
1.2139,
1.2266,
1.2097,
1.1681,
0.2316,
1.1815,
0.2610,
0.2370,
0.2737,
0.2374,
0.2547,
0.2807,
0.2696,
0.2698,
0.2585,
0.2630,
0.2513,
0.2184,
0.2482,
0.2307,
1.2228,
0.2315,
0.2320,
1.1950,
0.2272,
1.2127,
1.2179,
0.2382,
1.2106,
0.2331,
0.2045,
1.2113,
0.2157,
1.2149,
1.2094,
0.2092,
0.2753,
0.2214,
1.2569,
0.2644,
1.2611,
0.3101,
0.3093,
1.2398,
1.2298,
1.2527,
1.2428,
1.2191,
1.2579,
1.2219,
1.2203,
1.2428,
1.2180,
1.2256,
1.2510,
1.2354,
1.2414,
1.2521,
1.2477,
1.2414,
1.2408,
1.2428,
1.2394,
1.2363,
1.2459,
1.2543,
1.2399,
0.2552,
0.2436,
0.2438,
0.2528,
0.2517,
0.2553,
0.2632,
0.2672,
0.2666,
0.2541,
0.2518,
0.2512,
0.2471,
0.2382,
0.2445,
0.2659,
0.2539,
0.2050,
0.2503,
0.2350,
0.2026,
0.2337,
0.2155,
-0.2127,
0.2617,
-0.1983,
0.2920,
0.2803,
-0.2381,
-0.3032,
-0.2471,
0.7243,
-0.2883,
0.7040,
-0.2751,
-0.2798,
0.7489,
-0.2709,
0.7285,
0.7157,
-0.2980,
0.7267,
-0.2778,
-0.2805,
0.6987,
-0.2684,
0.7512,
-0.2797,
-0.2929,
-0.2803,
-0.2857,
-0.2934,
-0.2615,
0.0000,
-0.2869,
-0.2882,
-0.3039,
-0.2952,
-0.2941,
-0.2931,
-0.2737,
0.7444,
-0.2842,
0.7297,
0.7148,
0.7364,
0.7183,
0.7336,
0.7421,
0.7269,
0.7463,
0.7433,
0.7120,
0.7394,
0.7248,
0.7416,
0.7189,
0.7422,
0.2370,
0.2313,
0.2374,
0.2428,
0.2372,
0.2367,
0.2316,
0.2322,
0.2282,
0.2348,
0.2360,
0.2336,
0.2203,
0.2263,
0.2130,
0.2348,
0.2215,
0.2331,
0.2398,
0.2322,
0.2383,
0.2276,
0.2243,
0.2718,
0.2670,
0.2551,
0.2199,
0.2134,
0.2604,
0.2722,
0.2389,
0.2328,
-0.7615,
-0.7508,
-0.7603,
-0.7664,
-0.7538,
-0.7706,
-0.7544,
-0.7616,
-0.7662,
-0.7582,
-0.7514,
-0.7435,
-0.7635,
-0.7079,
-0.7238,
-0.7490,
-0.6986,
-0.7403,
-0.7568,
-0.7501,
-0.7572,
-0.7167,
-0.5774,
-0.5827,
-0.5874,
-0.5889,
-0.5717,
-0.5270,
-0.0768,
-0.4995,
1.2030,
1.2010,
1.2338,
1.2446,
1.2490,
1.2175,
1.2307,
0.2410,
1.2198,
0.2405,
1.2226,
0.2359,
0.2151,
0.2285,
0.2134,
0.2147,
0.2048,
0.2382,
0.2356,
0.2379,
0.2500,
0.2325,
0.2458,
1.2647,
0.2470,
1.2235,
1.2245,
1.2301,
1.2232,
1.2297,
1.2314,
1.2040,
1.2246,
1.1979,
1.2177,
1.1955,
1.1926,
1.2169,
1.2278,
1.2131,
1.2164,
1.2111,
1.2191,
1.1909,
1.2155,
0.2775,
0.2750,
0.2758,
0.2687,
0.2832,
0.2952,
0.3043,
0.2927,
1.2127,
1.2381,
1.2245,
1.2348,
1.2319,
1.2098,
1.2409,
1.2351,
1.2333,
1.2245,
1.2204,
1.2261,
1.2215,
1.2306,
1.2119,
1.2327,
1.2093,
1.2343,
1.2177,
1.2408,
1.2369,
1.2465,
0.2524,
1.2512,
0.2681,
0.2324,
0.2439,
0.2417,
0.2451,
0.2537,
0.2568,
0.2506,
0.2531,
0.2503,
0.2506,
0.2490,
0.2443,
0.2507,
0.2508,
0.2465,
0.2300,
0.1995,
0.2236,
0.2097,
0.2295,
0.2083,
-0.2207,
-0.2159,
-0.2281,
-0.2154,
-0.2454,
-0.2532,
-0.2588,
-0.2498,
0.7133,
0.7361,
0.7078,
0.7229,
0.7288,
0.7277,
0.7415,
0.7404,
0.7348,
0.7302,
0.7387,
0.7173,
0.7202,
0.7067,
0.7708,
0.7615,
0.7540,
0.7450,
0.7612,
0.7324,
0.7669,
-0.2751,
-0.2963,
-0.2834,
-0.2762,
-0.2796,
-0.2822,
-0.2839,
-0.2946,
-0.2887,
-0.2629,
-0.3121,
-0.2821,
-0.2814,
0.7270,
-0.2604,
-0.2765,
0.7256,
0.7235,
0.7322,
0.7200,
0.7222,
0.7224,
0.7050,
0.7217,
1.2227,
1.2241,
1.2157,
1.2244,
1.2246,
1.2182,
1.2143,
1.2233,
0.2283,
0.1995,
0.2007,
0.2005,
0.2098,
0.2326,
0.2127,
0.2129,
0.2149,
0.2464,
0.2204,
0.2246,
0.2241,
0.2136,
0.2785,
0.2407,
0.2490,
0.2142,
0.2074,
0.2760,
0.2383,
0.2381,
-0.7618,
-0.7656,
-0.7574,
-0.7599,
-0.7686,
-0.7567,
-0.7776,
-0.7564,
-0.7537,
-0.7521,
-0.7405,
-0.7453,
-0.7079,
-0.7163,
-0.7070,
-0.7054,
-0.7279,
-0.7241,
-0.5686,
-0.6081,
-0.6063,
-0.5832,
-0.0424,
-0.5893,
-0.6091,
-0.6051,
-0.5957,
-0.6104,
-0.6072,
-0.6076,
-0.6076,
0.1981,
0.2457,
0.2199,
0.2458,
0.2312,
0.2344,
0.2347,
0.2440,
0.2321,
0.2396,
0.2167,
1.2563,
0.2195,
1.2785,
1.2269,
1.2550,
1.2489,
1.2535,
1.2535,
1.2441,
1.2443,
1.2363,
1.2118,
1.2209,
1.2262,
1.2245,
1.2031,
1.2015,
1.1975,
1.2252,
1.2075,
1.2077,
1.2219,
1.2115,
1.2153,
1.2168,
1.2037,
1.2054,
1.2155,
1.2089,
0.2662,
0.2558,
0.2742,
0.2742,
0.3086,
0.2797,
1.2049,
0.2999,
1.2180,
1.2292,
1.2247,
1.2006,
1.2063,
1.2180,
1.2088,
1.2319,
1.2013,
1.2084,
1.2333,
1.2234,
1.2427,
1.2547,
1.2381,
1.2607,
1.2579,
1.2480,
1.2470,
1.2581,
1.2352,
1.2480,
1.2417,
0.2748,
0.2725,
0.2661,
0.2628,
0.2878,
0.2675,
0.2895,
0.2834,
0.2626,
0.2690,
0.2211,
0.2458,
0.2391,
0.2401,
0.2637,
0.2444,
0.2481,
0.2497,
0.2469,
0.2161,
0.2139,
0.2338,
0.2115,
0.2001,
-0.2168,
-0.2496,
-0.2152,
-0.2520,
-0.2389,
-0.2346,
-0.2515,
0.7171,
0.7324,
0.7022,
0.7156,
0.7452,
0.7070,
0.7472,
0.7486,
0.7399,
0.7236,
0.7154,
0.7350,
0.7152,
0.7313,
0.7724,
0.7475,
0.7551,
0.7586,
0.7481,
0.7428,
0.7627,
0.7562,
0.7656,
0.7677,
0.7368,
0.7583,
0.7930,
-0.2810,
-0.2731,
0.7895,
-0.2641,
-0.2898,
-0.2650,
-0.2980,
-0.2778,
-0.2848,
-0.2737,
-0.2447,
-0.2692,
-0.3046,
1.2072,
1.2211,
1.2104,
1.2079,
1.2235,
1.2098,
1.2295,
1.2065,
1.2101,
1.2205,
1.2076,
1.2079,
1.2172,
0.2006,
0.2257,
0.2289,
0.2362,
0.2065,
0.2266,
0.2366,
0.2540,
0.2104,
0.2211,
0.2123,
0.2548,
0.2524,
0.2517,
0.2179,
0.2484,
0.2780,
0.2329,
-0.7780,
-0.7630,
-0.7404,
-0.7678,
-0.7656,
-0.7462,
-0.7564,
-0.7656,
-0.7552,
-0.7468,
-0.7624,
-0.7014,
-0.7654,
-0.7187,
-0.7144,
-0.5794,
-0.5613,
-0.5623,
-0.5687,
-0.6241,
-0.5574,
-0.5495,
-0.5686,
-0.5610,
-0.5611,
-0.5611,
-0.5512,
-0.5553,
-0.5865,
0.1915,
0.2026,
0.1987,
0.2493,
0.2407,
1.2908,
1.2764,
1.2792,
1.2347,
1.2423,
1.2563,
1.2297,
1.2375,
1.2244,
1.2487,
1.2470,
1.2318,
1.2290,
1.2295,
1.2143,
1.2320,
1.1952,
1.2221,
1.2072,
0.0000,
1.2069,
1.2233,
0.0000,
1.2098,
1.2004,
1.2082,
1.2262,
1.2207,
1.2186,
1.2093,
1.2179,
1.2008,
1.1969,
1.2167,
1.2249,
1.2236,
1.2196,
0.2346,
1.2121,
0.2261,
0.2245,
0.2135,
0.2373,
0.2594,
0.2768,
1.2295,
1.2497,
1.2717,
1.2484,
1.2143,
1.2397,
1.2241,
1.2562,
1.2307,
1.2507,
1.2570,
1.2281,
1.2364,
1.2395,
1.2352,
1.2621,
1.2328,
1.2526,
0.2507,
1.2184,
0.2686,
0.2531,
0.2377,
0.2583,
0.2599,
0.2690,
0.2855,
0.2306,
0.2772,
0.2572,
0.2474,
0.2321,
0.2636,
0.2521,
0.2736,
0.2732,
0.2545,
0.2639,
-0.2527,
-0.2556,
-0.2405,
-0.2647,
-0.2757,
-0.2752,
0.7407,
-0.2872,
0.7492,
0.7175,
0.7206,
0.7379,
0.7204,
0.7108,
0.7274,
0.6982,
0.7349,
0.7053,
0.7377,
0.7118,
0.7116,
0.7424,
0.7090,
0.7225,
0.7193,
0.7269,
0.7155,
0.7077,
0.7577,
0.7186,
0.7594,
0.7676,
0.7699,
0.7560,
0.7678,
0.7858,
0.7438,
0.7521,
0.7430,
0.7534,
0.7461,
0.7749,
0.7963,
0.7897,
-0.2716,
0.7986,
-0.2788,
-0.2998,
-0.2949,
-0.3066,
1.1914,
1.1825,
1.1870,
1.1973,
1.1945,
1.1971,
1.1920,
1.1904,
1.2024,
1.2034,
1.1982,
1.1950,
1.1929,
1.1991,
0.2138,
0.2069,
0.2430,
0.2228,
0.2343,
0.2329,
0.2243,
0.2137,
0.2166,
0.2612,
0.2439,
0.2305,
0.2165,
0.2614,
0.2335,
-0.7646,
-0.7560,
-0.7748,
-0.7604,
-0.7468,
-0.7591,
-0.7665,
-0.7567,
-0.7419,
-0.7553,
-0.5470,
-0.5901,
-0.6050,
-0.6177,
-0.5874,
-0.5919,
-0.6065,
-0.6239,
-0.6050,
-0.6040,
-0.5970,
-0.6093,
-0.6091,
-0.5871,
-0.6063,
-0.6009,
-0.6111,
1.2137,
1.2085,
1.2083,
1.2079,
1.1998,
1.2026,
1.2122,
1.2008,
0.1991,
0.2073,
0.2031,
0.1902,
0.2168,
0.2407,
0.2321,
0.2302,
0.2381,
1.1979,
1.1889,
1.2042,
0.2254,
0.2046,
0.2186,
0.2204,
-0.2727,
-0.2730,
-0.2787,
-0.2754,
-0.3028,
-0.3297,
-0.3216,
-0.3311,
-0.3311,
0.7130,
0.7015,
0.7123,
0.7091,
0.7030,
0.7138,
0.7110,
0.7402,
1.2149,
1.2226,
1.2219,
1.2276,
1.2073,
1.2378,
1.2181,
1.2107,
1.2216,
1.2280,
1.1993,
1.1910,
1.1889,
1.2215,
1.2285,
1.1938,
1.2373,
0.2378,
0.2316,
0.2234,
0.2150,
0.2418,
0.2694,
0.2397,
0.2528,
0.2137,
0.2628,
-0.7698,
-0.7706,
-0.7689,
-0.7595,
-0.7703,
-0.7640,
0.6963,
-0.7617,
-0.7490,
-0.6027,
-0.6007,
-0.6125,
-0.6122,
-0.6025,
-0.5956,
-0.6263,
-0.6278,
-0.6541,
-0.6310,
-0.6212,
-0.6014,
-0.6310,
-0.6151,
-0.6307,
-0.6193,
1.2225,
1.2236,
1.2027,
1.2184,
1.2182,
1.2045,
1.1989,
1.1972,
1.2026,
0.2111,
0.2116,
0.1998,
0.2028,
0.2148,
0.1902,
0.2323,
0.2385,
0.2301,
0.2343,
1.1760,
1.2027,
1.2183,
0.2432,
0.1980,
-0.2686,
-0.2889,
-0.2607,
-0.2514,
-0.3190,
-0.3230,
-0.3135,
-0.3254,
-0.3264,
-0.3296,
0.6831,
0.7113,
0.7213,
0.7147,
0.7054,
0.7203,
0.7041,
0.7399,
0.7563,
1.2070,
1.2360,
1.2181,
1.2311,
1.2246,
1.2359,
1.2472,
1.2308,
1.2305,
1.2375,
1.2201,
1.2324,
1.2124,
1.2218,
1.2181,
1.2154,
0.2254,
0.2051,
-0.3237,
0.2192,
0.2640,
0.2615,
0.2463,
0.2380,
0.2149,
-0.7631,
-0.7759,
-0.7713,
0.7059,
-0.7516,
-0.7548,
-0.6230,
-0.6086,
-0.6223,
-0.5919,
-0.6048,
-0.6112,
-0.6064,
-0.5464,
-0.5970,
-0.6083,
-0.6068,
-0.6008,
-0.6048,
-0.5978,
-0.6209,
-0.6070,
0.6987,
1.2264,
1.2204,
1.2181,
1.2119,
1.2006,
1.2099,
1.2015,
0.1989,
0.2045,
0.2001,
0.2054,
0.2033,
0.2322,
0.2265,
0.1952,
0.2045,
0.2301,
0.2302,
0.2427,
0.2333,
1.2133,
1.2155,
0.2258,
0.2436,
0.2414,
-0.2747,
-0.2721,
-0.2737,
-0.2524,
-0.3278,
-0.3410,
-0.3306,
-0.3062,
-0.3271,
-0.3252,
-0.3235,
-0.3277,
-0.3318,
0.7198,
0.7124,
0.7012,
0.7168,
0.7319,
0.7512,
0.7578,
-0.3403,
1.2247,
1.2262,
1.2230,
1.2261,
1.2280,
1.2160,
1.2100,
1.2306,
1.2230,
1.2247,
1.2248,
1.2256,
1.2274,
1.2255,
1.2335,
1.2370,
0.2515,
0.2582,
-0.3275,
0.2518,
0.2528,
0.2539,
-0.7696,
-0.7647,
-0.7636,
-0.5601,
-0.5459,
-0.5465,
-0.6201,
-0.5587,
-0.6196,
-0.6317,
-0.6246,
-0.6209,
-0.6482,
-0.6424,
-0.6052,
-0.6193,
-0.6262,
-0.6066,
-0.6053,
-0.6175,
1.2208,
1.2332,
1.2178,
1.2236,
1.2157,
1.2116,
1.2141,
1.2115,
1.2066,
1.2104,
1.2110,
1.1886,
0.2445,
0.2301,
0.2242,
0.2234,
0.1833,
0.1989,
0.2394,
0.2406,
0.2280,
0.2385,
1.2109,
1.2121,
1.2197,
0.2159,
0.2173,
-0.2631,
-0.2783,
-0.2705,
-0.2608,
-0.3302,
-0.3270,
-0.3103,
-0.3075,
-0.2748,
-0.2745,
0.7213,
0.7190,
0.7165,
0.7100,
0.7193,
0.7135,
0.7379,
0.7579,
0.7610,
0.7548,
0.7350,
0.7481,
1.2339,
1.2182,
1.2278,
1.2255,
1.2238,
1.2289,
1.2254,
1.2222,
1.2142,
1.2135,
1.2201,
1.2223,
1.2442,
1.2341,
1.2482,
1.2382,
1.2386,
0.2484,
0.2402,
0.2345,
-0.5844,
-0.5707,
-0.5638,
-0.5402,
-0.5564,
-0.5498,
-0.5419,
-0.5440,
-0.5546,
-0.5521,
-0.5484,
-0.5432,
-0.5417,
-0.5523,
-0.5550,
-0.5523,
-0.5529,
1.2363,
1.2136,
1.2411,
1.2176,
1.2154,
1.2203,
1.2151,
1.2092,
1.2116,
1.1889,
1.2097,
1.1886,
0.2218,
0.2343,
0.2373,
0.2281,
0.2241,
0.1907,
0.1922,
0.2458,
0.2406,
0.2238,
0.2224,
1.1886,
1.1911,
0.2259,
0.1988,
0.2033,
-0.2980,
-0.2997,
-0.2724,
-0.2788,
-0.3296,
-0.3275,
-0.3172,
-0.2982,
-0.2714,
-0.2787,
-0.2680,
0.7043,
0.6834,
0.6853,
0.7000,
0.7033,
0.7029,
0.7451,
0.7536,
0.7569,
0.7326,
0.7446,
0.7238,
1.2575,
1.2256,
1.2441,
1.2357,
1.2174,
1.2360,
1.2273,
1.2316,
1.2383,
1.2277,
1.2252,
1.2308,
1.2228,
1.2195,
1.2290,
1.2300,
1.2211,
-0.5729,
-0.5509,
-0.5558,
-0.5506,
-0.5586,
-0.6290,
-0.5600,
-0.5436,
-0.5372,
-0.5426,
-0.5484,
-0.5462,
-0.5545,
-0.5531,
-0.5446,
1.2419,
1.2497,
1.2353,
1.2295,
1.2298,
1.2256,
1.2222,
1.2235,
1.2298,
1.1980,
1.2025,
1.2071,
0.2322,
0.2183,
0.2406,
0.2278,
0.2390,
0.2279,
0.1956,
0.1858,
0.2241,
0.2278,
0.2318,
0.2316,
1.1886,
1.1906,
1.1952,
0.2116,
0.2036,
-0.2917,
-0.3126,
-0.2978,
-0.3062,
-0.3384,
-0.3382,
-0.2994,
-0.2937,
-0.2930,
-0.2895,
-0.2931,
-0.3104,
0.7000,
0.7092,
0.7173,
0.7447,
0.7519,
0.7517,
0.7585,
0.7595,
0.7295,
0.7456,
0.7299,
0.7438,
1.2488,
1.2333,
1.2227,
1.2406,
1.2267,
1.2411,
1.2352,
1.2478,
1.2316,
1.2259,
1.2237,
1.2320,
1.2371,
1.2434,
1.2311,
-0.5698,
-0.5506,
-0.5648,
-0.5687,
-0.5744,
-0.5676,
-0.5650,
-0.5666,
-0.5755,
-0.5422,
-0.5832,
1.2382,
1.2307,
1.2377,
1.2159,
1.2301,
1.2414,
1.2217,
1.2167,
1.2305,
1.2179,
1.2200,
1.2163,
1.2042,
1.2135,
0.1851,
0.2085,
1.2047,
0.1988,
0.1934,
1.2144,
1.2152,
1.2032,
0.2028,
0.1964,
0.1991,
0.1956,
1.1812,
1.1923,
0.1701,
0.1809,
0.1956,
-0.3315,
-0.3285,
-0.3316,
-0.3279,
0.2401,
0.2437,
0.2238,
-0.3108,
-0.3211,
0.7035,
-0.3250,
-0.3281,
0.7038,
0.7147,
0.7326,
0.7461,
0.7459,
0.7563,
0.7588,
0.7568,
0.7345,
0.7491,
0.7167,
0.7393,
0.7406,
0.7399,
1.2334,
1.2272,
1.2280,
1.2230,
1.2604,
1.2349,
1.2334,
1.2332,
1.2277,
1.2355,
1.2247,
-0.5677,
-0.5743,
-0.5555,
-0.5700,
-0.5719,
-0.5697,
-0.5569,
-0.5656,
-0.5561,
1.2480,
1.2396,
1.2442,
1.2374,
1.2268,
1.2301,
1.2366,
1.2242,
1.2222,
1.2154,
1.2190,
1.2154,
1.2149,
1.2035,
0.2020,
0.2070,
0.2074,
0.2058,
0.2045,
0.2053,
0.1979,
0.1948,
0.1961,
0.1940,
0.2033,
0.1887,
0.1949,
1.2001,
1.1922,
1.2047,
0.1692,
0.1831,
-0.3163,
-0.3128,
-0.3207,
-0.3313,
-0.3350,
-0.3319,
-0.3262,
-0.3272,
-0.3205,
-0.3195,
-0.3258,
-0.3200,
-0.3156,
0.7018,
0.7475,
0.7397,
0.7482,
0.7475,
0.7534,
0.7529,
0.7448,
0.7594,
0.7457,
0.7377,
0.7556,
0.7458,
0.7375,
1.2354,
1.2284,
1.2346,
1.2287,
1.2432,
1.2355,
1.2300,
1.2365,
1.2292,
-0.5778,
-0.5858,
-0.5721,
-0.5918,
-0.5711,
-0.5791,
1.2363,
1.2521,
1.2486,
1.2456,
1.2324,
1.2173,
1.2284,
1.2319,
1.2195,
1.2222,
1.2103,
1.2229,
1.2156,
1.2198,
0.2104,
0.2139,
0.2065,
0.2091,
0.2077,
0.1987,
0.2054,
0.1907,
0.1984,
0.2039,
0.1912,
0.1915,
0.1994,
0.1971,
0.1917,
0.1986,
-0.3166,
-0.3126,
-0.3206,
-0.3200,
-0.3262,
-0.3336,
-0.3213,
-0.3237,
-0.3216,
-0.3234,
-0.3209,
-0.3201,
-0.3168,
-0.3195,
-0.3187,
-0.3107,
-0.3075,
0.7362,
0.7436,
0.7526,
0.7554,
0.7433,
0.7545,
0.7612,
0.7522,
0.7525,
0.7312,
0.7347,
0.7379,
0.7231,
0.7352,
1.2316,
1.2341,
1.2295,
1.2168,
1.2220,
1.2295,
-0.5723,
-0.5783,
1.2359,
1.2377,
1.2368,
1.2471,
1.2505,
1.2404,
1.2164,
1.2401,
1.2226,
1.2135,
1.2128,
1.2219,
1.2192,
1.2283,
1.2126,
0.2193,
0.2128,
0.2337,
0.2065,
0.2180,
0.2201,
0.2117,
0.2205,
0.2148,
0.2057,
0.1854,
0.2174,
0.2165,
0.2268,
0.2112,
0.2083,
0.2111,
-0.3125,
-0.3140,
-0.3118,
-0.2910,
-0.2978,
-0.3188,
-0.3012,
-0.3096,
-0.2951,
-0.3019,
-0.2976,
-0.3120,
-0.3009,
-0.3000,
-0.3124,
-0.3187,
0.7418,
0.7589,
0.7497,
0.7514,
0.7505,
0.7376,
0.7616,
0.7629,
0.7676,
0.7372,
0.7280,
0.7424,
0.7384,
0.7350,
0.7266,
1.2253,
1.2329,
1.2427,
1.2429,
1.2360,
1.2357,
1.2390,
1.2369,
1.2398,
1.2344,
1.2318,
1.2216,
1.2409,
1.2232,
1.2283,
1.2203,
0.2088,
0.2114,
0.2120,
0.1846,
0.1847,
0.1898,
0.1972,
0.1984,
0.1946,
0.2007,
0.1791,
0.2138,
0.2096,
0.2078,
0.1901,
0.1969,
0.1909,
-0.2611,
-0.3061,
-0.3281,
-0.3130,
-0.3202,
-0.3020,
-0.3044,
-0.3102,
-0.3285,
-0.3107,
-0.3215,
-0.3135,
-0.3323,
-0.3248,
-0.3197,
-0.3021,
-0.2943,
-0.3189,
0.7421,
0.7443,
0.7585,
0.7510,
0.7373,
0.7213,
0.7309,
0.7272,
0.7203,
0.7054,
0.7279,
0.7326,
0.7227,
0.7214,
1.2262,
1.2272,
1.2310,
1.2212,
1.2350,
1.2435,
1.2316,
1.2353,
1.2253,
1.2422,
1.2431,
0.1783,
0.1842,
0.2070,
0.1897,
0.1917,
0.1946,
0.1932,
0.1909,
0.1910,
0.1930,
0.1996,
0.1793,
0.1773,
0.1891,
0.1829,
0.1793,
0.2156,
0.2263,
0.2300,
-0.2746,
-0.3250,
-0.3339,
-0.3330,
-0.3385,
-0.3303,
-0.3147,
-0.3213,
-0.3227,
-0.3261,
-0.3258,
-0.3428,
-0.3234,
-0.3183,
-0.3239,
-0.3357,
-0.3312,
-0.3310,
0.7367,
0.7400,
0.7307,
0.7312,
0.7281,
0.7218,
0.7374,
0.7334,
0.7260,
0.7203,
0.7245,
1.2345,
1.2218,
1.2273,
1.2191,
1.2393,
1.2350,
1.2238,
0.2263,
0.2132,
0.2221,
0.2221,
0.2289,
0.2329,
0.2259,
0.2205,
0.2289,
0.2143,
0.1779,
0.1755,
0.1955,
0.2356,
0.2301,
0.2219,
0.2272,
0.2304,
0.2324,
-0.2675,
-0.2542,
-0.2523,
-0.2549,
-0.2480,
-0.2549,
-0.2534,
-0.3315,
-0.3374,
-0.3298,
-0.2677,
-0.2591,
-0.2649,
-0.2671,
-0.2559,
-0.2624,
-0.2560,
-0.2664,
-0.2544,
-0.2714,
0.7179,
0.7230,
0.7310,
0.7313,
0.7201,
0.7188,
0.7210,
1.2374,
1.2239,
1.2334,
0.2160,
0.2271,
0.3576,
0.2188,
0.2176,
0.2203,
0.2337,
0.2141,
0.2233,
0.2202,
0.2242,
0.2287,
0.2343,
0.2264,
0.2216,
0.2274,
0.2208,
0.2160,
0.2252,
0.1790,
-0.2692,
-0.2665,
-0.2704,
-0.2695,
-0.2528,
-0.2536,
-0.2436,
-0.2597,
-0.2680,
-0.2626,
-0.2702,
-0.2911,
-0.2682,
-0.2541,
-0.2696,
-0.2787,
-0.2716,
-0.2747,
-0.2856,
0.7041,
0.7137,
0.7191,
0.2031,
0.2126,
0.2100,
0.2047,
0.2202,
0.2146,
0.2142,
0.2254,
0.2232,
0.2175,
0.2185,
0.2226,
0.2054,
0.2097,
0.2177,
0.2322,
0.2217,
0.2201,
-0.2856,
-0.2834,
-0.2739,
-0.2873,
-0.2867,
-0.2750,
-0.2804,
-0.2691,
-0.2762,
-0.2592,
-0.2781,
-0.2813,
-0.2682,
-0.2832,
-0.2912,
-0.2732,
-0.2864,
-0.2876,
-0.3014,
1.2357,
1.2284,
1.2301,
1.2258,
1.2357,
0.2201,
0.2171,
0.2022,
0.2134,
0.2097,
0.2113,
0.2208,
0.2123,
-0.2849,
-0.2896,
-0.3058,
-0.3000,
-0.2935,
-0.2886,
-0.2808,
0.7143,
0.7444,
0.7140,
0.7082,
0.7059,
